// Tipografia "Coffee Free" convertida al format GFXfont d'Adafruit_GFX.
// Substitueix Coffee Bean a tot arreu (ronda 4): negreta rodona amb molt
// mes cos, es llegeix be fins i tot petita. Ronda 7: 4 papers (abans 3) —
// CoffeeFreeNom es va separar de CoffeeFreeValue per poder fer el nom del
// cafe mes gran sense tocar els valors de GRAMS/MOLTA:
//   CoffeeFreeSmall (16px) - VARIETAT, capcaleres GRAMS/MOLTA/NOTES, valor
//                             de NOTES, peu de pagina, titol i peu del picker
//   CoffeeFreeTitle (25px) - titol principal, capcaleres de columna i files
//                             del picker
//   CoffeeFreeValue (32px) - valors de GRAMS/MOLTA a la pantalla principal
//   CoffeeFreeNom   (40px) - nom del cafe (ronda 7)
// Ronda 5: rang ampliat 0x20-0xFC per accents catalans/castellans (nomes
// els codepoints realment usats tenen glif; la resta del forat es buit
#ifndef COFFEE_FREE_FONTS_H
#define COFFEE_FREE_FONTS_H

#include <Adafruit_GFX.h>

// --- CoffeeFreeSmall (px=16, yAdvance=20, 1322 bytes bitmap) ---
const uint8_t CoffeeFreeSmallBitmaps[] PROGMEM = {
  0x00, 0x7F, 0xFF, 0xCF, 0x55, 0x55, 0x09, 0x83, 0xB8, 0x76, 0x3F, 0xF7, 0xFE, 0x37, 0x0F, 0xE3,
  0xFF, 0x7F, 0xC7, 0x60, 0xCC, 0x19, 0x80, 0x00, 0x10, 0x70, 0xE3, 0xEF, 0xFD, 0xB8, 0x38, 0x78,
  0x3B, 0x3E, 0x7F, 0xDF, 0x8E, 0x1C, 0x30, 0xCF, 0x39, 0xE6, 0x3D, 0xC7, 0x70, 0x0E, 0x03, 0x80,
  0xE0, 0x1D, 0xC7, 0x7C, 0xCF, 0x98, 0xE0, 0x00, 0x3C, 0x3F, 0x1D, 0x8F, 0xC7, 0xE1, 0xED, 0xF7,
  0xFB, 0xCF, 0xE3, 0xFF, 0xEF, 0xF0, 0x00, 0x55, 0x1C, 0xF9, 0xC7, 0x0E, 0x18, 0x30, 0x60, 0xE1,
  0xC1, 0xF1, 0xE0, 0x78, 0xF8, 0x70, 0x70, 0x60, 0xC1, 0x87, 0x0E, 0x39, 0xE3, 0x80, 0x11, 0x9E,
  0x60, 0x00, 0x18, 0x31, 0xFB, 0xF1, 0x83, 0x00, 0x4E, 0x66, 0x60, 0x7F, 0x7F, 0x9F, 0x80, 0x7C,
  0x04, 0x1C, 0x30, 0xE1, 0xC3, 0x0E, 0x18, 0x70, 0xE1, 0x87, 0x0E, 0x18, 0x00, 0x00, 0x3C, 0x7E,
  0xE6, 0xE7, 0xC7, 0xC7, 0xC6, 0xC6, 0xEE, 0x7C, 0x38, 0x1C, 0xF7, 0xFF, 0x5C, 0x71, 0xC7, 0x1C,
  0x71, 0xC3, 0x38, 0xFB, 0xFE, 0x7E, 0xFD, 0x87, 0x1C, 0x71, 0xC3, 0xFF, 0xF0, 0x30, 0xFC, 0xFC,
  0xCC, 0x1C, 0x7C, 0xFE, 0x6E, 0x06, 0xCE, 0xFE, 0x7C, 0x10, 0x06, 0x03, 0xC1, 0xF0, 0xFC, 0x3F,
  0x1D, 0xC6, 0x71, 0xFE, 0x7F, 0xC7, 0xC0, 0x70, 0x1C, 0x7D, 0xFB, 0xF7, 0xCF, 0xCF, 0xC3, 0x83,
  0xCF, 0xFF, 0xF1, 0xC0, 0x0C, 0x1C, 0x38, 0x70, 0xF8, 0xFE, 0xFE, 0xC7, 0xC7, 0xE6, 0xFE, 0x7C,
  0x7C, 0xFD, 0xF8, 0x61, 0xC3, 0x0E, 0x1C, 0x30, 0x61, 0xC1, 0x80, 0x00, 0x3C, 0xFD, 0xFB, 0xB7,
  0xE7, 0x9F, 0x3F, 0x66, 0xCD, 0xF9, 0xE0, 0x00, 0x10, 0xF3, 0xF6, 0x6C, 0xF9, 0xFF, 0x3E, 0x3C,
  0x71, 0xE7, 0x80, 0x6C, 0x00, 0x9B, 0x66, 0x00, 0x06, 0x67, 0x26, 0x00, 0x00, 0x18, 0xF3, 0xC7,
  0x0F, 0x87, 0x00, 0x7E, 0x7F, 0x70, 0x00, 0x7E, 0x7E, 0x60, 0xF0, 0xF1, 0xE7, 0xCE, 0x00, 0x11,
  0xF7, 0xFB, 0x0C, 0x71, 0xC6, 0x18, 0x01, 0x8E, 0x00, 0x07, 0xC0, 0x7F, 0xC3, 0xC7, 0x8E, 0xEE,
  0x77, 0x99, 0xBB, 0x66, 0xFD, 0x9B, 0xFE, 0x6F, 0xF1, 0xDB, 0x83, 0xF0, 0x0F, 0xE0, 0x0F, 0x00,
  0x0C, 0x0F, 0x0F, 0xC7, 0xE3, 0x33, 0x99, 0xFC, 0xFE, 0x7F, 0x71, 0xB8, 0xEC, 0x60, 0x1E, 0x1F,
  0xCF, 0xF1, 0xEC, 0x3F, 0x0F, 0xE3, 0xFC, 0xE7, 0x39, 0xDE, 0xF7, 0xF8, 0xF8, 0x00, 0xF9, 0xFF,
  0x7C, 0x78, 0xB0, 0x63, 0xC7, 0xDF, 0xFB, 0xE0, 0x00, 0x7C, 0x3F, 0x1F, 0xC6, 0x73, 0x39, 0x8C,
  0xCE, 0x67, 0x37, 0x1F, 0xBF, 0x9F, 0x80, 0x06, 0x7F, 0x1F, 0x8E, 0x07, 0x03, 0xF1, 0xF8, 0xF0,
  0x70, 0x39, 0x8F, 0xC3, 0xE0, 0x7F, 0x7F, 0x9F, 0xC6, 0x03, 0x01, 0xF0, 0xF8, 0x60, 0x30, 0x18,
  0x0C, 0x06, 0x00, 0x0C, 0x0F, 0x8F, 0xC6, 0x77, 0x13, 0x81, 0xBE, 0xDF, 0xE7, 0x37, 0x9F, 0xC7,
  0xE0, 0x00, 0x42, 0xC7, 0xC7, 0xC7, 0xC7, 0xFF, 0xFF, 0xFF, 0xC7, 0xC3, 0xC3, 0xC3, 0x7D, 0xFD,
  0xF1, 0xC3, 0x87, 0x0E, 0x1C, 0x38, 0x73, 0xF3, 0xE0, 0x3E, 0x7F, 0x7F, 0x03, 0x03, 0x03, 0x63,
  0xE3, 0x63, 0x77, 0x7E, 0x3C, 0xC3, 0x31, 0xCC, 0xE3, 0x70, 0xF8, 0x3C, 0x0F, 0x03, 0xE0, 0xFC,
  0x37, 0x8C, 0xFB, 0x0E, 0xC0, 0xE0, 0xC0, 0xC0, 0xC0, 0xC0, 0xC0, 0xC0, 0xC0, 0xE7, 0xFF, 0x7E,
  0x18, 0x18, 0xE1, 0xC7, 0x0F, 0x38, 0x7B, 0xE3, 0xDF, 0x3E, 0xD9, 0xFE, 0xED, 0xF7, 0x67, 0x9F,
  0x38, 0xF9, 0xC6, 0x80, 0x00, 0xC0, 0xE3, 0xF3, 0xF3, 0xFB, 0xFB, 0xDF, 0xDF, 0xCF, 0xCF, 0xC7,
  0xC3, 0x14, 0x1F, 0x8F, 0xEE, 0x76, 0x1B, 0x0D, 0x86, 0xC7, 0x63, 0x3F, 0x8F, 0x83, 0x80, 0x7E,
  0x7F, 0x9F, 0xE6, 0x73, 0x39, 0xB8, 0xFC, 0x7C, 0x30, 0x18, 0x0C, 0x06, 0x00, 0x0C, 0x0F, 0x83,
  0xF1, 0xCE, 0x63, 0x98, 0x6E, 0x19, 0xB6, 0x6F, 0x9D, 0xE3, 0xF0, 0xFE, 0x03, 0x80, 0x60, 0x7E,
  0x3F, 0xC7, 0xF1, 0xCE, 0x73, 0x1F, 0xC7, 0xE1, 0xF0, 0x7E, 0x1D, 0xE3, 0x3C, 0xC2, 0x3C, 0xFD,
  0xFB, 0x37, 0x87, 0x87, 0xB7, 0x66, 0xCD, 0xF9, 0xE0, 0x00, 0x7F, 0x7F, 0xFF, 0xC3, 0x01, 0x80,
  0xC0, 0x60, 0x30, 0x18, 0x0C, 0x06, 0x03, 0x00, 0x00, 0xC7, 0xC7, 0xC7, 0xC7, 0xC7, 0xC7, 0xC7,
  0xE7, 0xF6, 0x7E, 0x3C, 0x40, 0xE3, 0xE3, 0x67, 0x67, 0x67, 0x76, 0x7E, 0x3E, 0x3C, 0x1C, 0x18,
  0x42, 0x07, 0x38, 0xD9, 0xC6, 0xCE, 0x76, 0x73, 0xB3, 0x99, 0xFC, 0xCF, 0xEE, 0x7F, 0x71, 0xFF,
  0x0F, 0xF8, 0x33, 0x80, 0x01, 0x31, 0xDD, 0xC6, 0xE3, 0xE0, 0xF0, 0x70, 0x78, 0x3E, 0x3B, 0xB8,
  0xFC, 0x70, 0x00, 0x10, 0x6E, 0x3B, 0x9C, 0x77, 0x0F, 0x83, 0xC0, 0x70, 0x18, 0x0E, 0x03, 0x80,
  0xC0, 0x30, 0x00, 0x3E, 0x3F, 0x8F, 0xC1, 0xC1, 0xC0, 0xE0, 0xE0, 0x60, 0x70, 0x30, 0x3F, 0xCF,
  0xE0, 0x67, 0xBD, 0x8C, 0x63, 0x1C, 0xE7, 0x39, 0xCF, 0x78, 0xE1, 0xC1, 0x83, 0x83, 0x07, 0x0E,
  0x0C, 0x1C, 0x38, 0x30, 0x70, 0x60, 0x67, 0xDE, 0x73, 0x9C, 0xE7, 0x39, 0xCE, 0x77, 0xBC, 0x39,
  0xE7, 0xDB, 0x6C, 0x7F, 0xFF, 0xF0, 0x00, 0x1E, 0x3F, 0x77, 0x67, 0xEF, 0xFF, 0x7F, 0x7B, 0xC1,
  0x83, 0x06, 0x0F, 0xDF, 0xFF, 0xF7, 0xEF, 0xDF, 0xF7, 0xC0, 0x3D, 0xF7, 0xF8, 0xEF, 0xB7, 0xDE,
  0x00, 0x00, 0x07, 0x07, 0x0F, 0x3F, 0x7F, 0x7F, 0xEF, 0xEF, 0xFF, 0x7F, 0x77, 0x3C, 0x7E, 0x7E,
  0xFC, 0xFC, 0xE6, 0x7E, 0x3E, 0x0E, 0x3F, 0x3E, 0x30, 0xFE, 0xFE, 0x30, 0x30, 0x30, 0x30, 0x30,
  0x30, 0x04, 0x1E, 0x3F, 0x77, 0x67, 0xEF, 0xFF, 0x7F, 0x7F, 0x07, 0x47, 0xFE, 0x7C, 0x38, 0x40,
  0xC0, 0xC0, 0xC0, 0xDC, 0xFC, 0xFE, 0xF6, 0xE6, 0xE6, 0xE6, 0xC6, 0xFC, 0xFF, 0xFF, 0x0C, 0x30,
  0x40, 0x0C, 0x30, 0xC3, 0x0C, 0x30, 0xC3, 0x1F, 0xFF, 0x98, 0x40, 0xC0, 0xC0, 0xC0, 0xCC, 0xDC,
  0xF8, 0xF0, 0xF8, 0xFC, 0xDF, 0xC7, 0x7F, 0xFF, 0xFF, 0xD9, 0x9F, 0xFB, 0xFF, 0x77, 0x6E, 0xEF,
  0xDD, 0xF3, 0x3E, 0x66, 0xC1, 0xBB, 0xFF, 0xFE, 0xFD, 0xFB, 0xE7, 0xC6, 0x00, 0x3C, 0xFD, 0xBF,
  0x3E, 0x6D, 0xDF, 0x1E, 0xDD, 0xFF, 0xFF, 0x3E, 0x7D, 0xFF, 0xFE, 0xF9, 0x83, 0x04, 0x00, 0x00,
  0x3E, 0x3E, 0x77, 0x67, 0xEE, 0xFE, 0x7E, 0x7E, 0x06, 0x06, 0x06, 0x00, 0x03, 0xEF, 0xFF, 0xEF,
  0x0C, 0x30, 0xC0, 0x18, 0xFD, 0xFB, 0xA7, 0xC3, 0xF9, 0xFF, 0x7C, 0x20, 0x30, 0x63, 0xF7, 0xE3,
  0x06, 0x0C, 0x1E, 0x3E, 0x78, 0x00, 0x00, 0x66, 0x66, 0x66, 0xEE, 0xEE, 0x7E, 0x7E, 0x3E, 0xE7,
  0xCD, 0x9B, 0x77, 0xEF, 0x8F, 0x1C, 0x00, 0x1B, 0x3E, 0xED, 0xBB, 0x7F, 0xDF, 0xF7, 0xF9, 0xFE,
  0x33, 0x00, 0x00, 0xDD, 0xFB, 0xE3, 0x8F, 0x1F, 0x77, 0xE6, 0x00, 0x66, 0xE6, 0xE6, 0xE6, 0x6E,
  0x7E, 0x7E, 0x3E, 0x06, 0xEE, 0xFE, 0x3C, 0x7C, 0xFC, 0x71, 0xE7, 0x8E, 0x3F, 0xBF, 0x00, 0x3C,
  0x79, 0xC3, 0x87, 0x1C, 0x78, 0x70, 0x70, 0xE1, 0xC1, 0xE1, 0xC0, 0x5B, 0x6D, 0xB6, 0xDB, 0x6D,
  0xB6, 0xC0, 0x78, 0xF0, 0x60, 0xC1, 0xC3, 0xC3, 0x8E, 0x18, 0x31, 0xE7, 0xC7, 0x00, 0x01, 0xBE,
  0xDF, 0xED, 0xE0, 0x00, 0x7D, 0x00, 0x20, 0x04, 0x00, 0x80, 0x00, 0xC0, 0xF0, 0xFC, 0x7E, 0x33,
  0x39, 0x9F, 0xCF, 0xE7, 0xF7, 0x1B, 0x8E, 0xC6, 0x02, 0x04, 0x08, 0x00, 0x00, 0xC0, 0xF0, 0xFC,
  0x7E, 0x33, 0x39, 0x9F, 0xCF, 0xE7, 0xF7, 0x1B, 0x8E, 0xC6, 0x00, 0xF9, 0xFF, 0x7C, 0x78, 0xB0,
  0x63, 0xC7, 0xDF, 0xFB, 0xE0, 0x01, 0x10, 0x00, 0x20, 0x04, 0x00, 0x80, 0x00, 0x67, 0xF1, 0xF8,
  0xE0, 0x70, 0x3F, 0x1F, 0x8F, 0x07, 0x03, 0x98, 0xFC, 0x3E, 0x02, 0x04, 0x08, 0x00, 0x00, 0x67,
  0xF1, 0xF8, 0xE0, 0x70, 0x3F, 0x1F, 0x8F, 0x07, 0x03, 0x98, 0xFC, 0x3E, 0x08, 0x20, 0x80, 0x07,
  0xDF, 0xDF, 0x1C, 0x38, 0x70, 0xE1, 0xC3, 0x87, 0x3F, 0x3E, 0x28, 0x50, 0xA0, 0x07, 0xDF, 0xDF,
  0x1C, 0x38, 0x70, 0xE1, 0xC3, 0x87, 0x3F, 0x3E, 0x11, 0x2A, 0x44, 0x00, 0xC0, 0xE3, 0xF3, 0xF3,
  0xFB, 0xFB, 0xDF, 0xDF, 0xCF, 0xCF, 0xC7, 0xC3, 0x20, 0x04, 0x00, 0x80, 0x01, 0x41, 0xF8, 0xFE,
  0xE7, 0x61, 0xB0, 0xD8, 0x6C, 0x76, 0x33, 0xF8, 0xF8, 0x38, 0x02, 0x04, 0x08, 0x00, 0x01, 0x41,
  0xF8, 0xFE, 0xE7, 0x61, 0xB0, 0xD8, 0x6C, 0x76, 0x33, 0xF8, 0xF8, 0x38, 0x04, 0x08, 0x20, 0x00,
  0x00, 0xC7, 0xC7, 0xC7, 0xC7, 0xC7, 0xC7, 0xC7, 0xE7, 0xF6, 0x7E, 0x3C, 0x24, 0x24, 0x24, 0x00,
  0x00, 0xC7, 0xC7, 0xC7, 0xC7, 0xC7, 0xC7, 0xC7, 0xE7, 0xF6, 0x7E, 0x3C, 0x20, 0x08, 0x04, 0x00,
  0x1E, 0x3F, 0x77, 0x67, 0xEF, 0xFF, 0x7F, 0x7B, 0x04, 0x08, 0x20, 0x00, 0x1E, 0x3F, 0x77, 0x67,
  0xEF, 0xFF, 0x7F, 0x7B, 0x3D, 0xF7, 0xF8, 0xEF, 0xB7, 0xDE, 0x00, 0x44, 0x00, 0x20, 0x08, 0x04,
  0x00, 0x3C, 0x7E, 0x7E, 0xFC, 0xFC, 0xE6, 0x7E, 0x3E, 0x04, 0x08, 0x20, 0x00, 0x3C, 0x7E, 0x7E,
  0xFC, 0xFC, 0xE6, 0x7E, 0x3E, 0x68, 0x3F, 0xFF, 0xC0, 0xFC, 0x3F, 0xFF, 0xC0, 0x12, 0x69, 0x20,
  0x0C, 0x1B, 0xBF, 0xFF, 0xEF, 0xDF, 0xBE, 0x7C, 0x60, 0x00, 0x20, 0x20, 0x20, 0x03, 0xCF, 0xDB,
  0xF3, 0xE6, 0xDD, 0xF1, 0xE0, 0x08, 0x20, 0x80, 0x03, 0xCF, 0xDB, 0xF3, 0xE6, 0xDD, 0xF1, 0xE0,
  0x04, 0x08, 0x20, 0x00, 0x00, 0x66, 0x66, 0x66, 0xEE, 0xEE, 0x7E, 0x7E, 0x3E, 0x24, 0x24, 0x24,
  0x00, 0x00, 0x66, 0x66, 0x66, 0xEE, 0xEE, 0x7E, 0x7E, 0x3E,
};

const GFXglyph CoffeeFreeSmallGlyphs[] PROGMEM = {
  {     0,   1,   1,   4,   0,   0 },   // 0x20 ' '
  {     1,   2,  12,   4,   1, -11 },   // 0x21 '!'
  {     4,   4,   4,   5,   0, -11 },   // 0x22 '"'
  {     6,  11,  13,  12,   0, -11 },   // 0x23 '#'
  {    24,   7,  16,   8,   1, -13 },   // 0x24 '$'
  {    38,  11,  13,  11,   0, -11 },   // 0x25 '%'
  {    56,   9,  13,  11,   1, -11 },   // 0x26 '&'
  {    71,   2,   4,   3,   0, -11 },   // 0x27 '\''
  {    72,   7,  12,   8,   1, -11 },   // 0x28 '('
  {    83,   7,  12,   8,   0, -11 },   // 0x29 ')'
  {    94,   5,   5,   5,   0, -11 },   // 0x2A '*'
  {    98,   7,   6,   8,   0,  -7 },   // 0x2B '+'
  {   104,   4,   6,   4,   0,  -2 },   // 0x2C ','
  {   107,   9,   3,   9,   0,  -5 },   // 0x2D '-'
  {   111,   3,   2,   3,   0,  -1 },   // 0x2E '.'
  {   112,   7,  14,   7,   0, -11 },   // 0x2F '/'
  {   125,   8,  12,   9,   1, -11 },   // 0x30 '0'
  {   137,   6,  12,   7,   0, -11 },   // 0x31 '1'
  {   146,   7,  12,   9,   1, -11 },   // 0x32 '2'
  {   157,   8,  13,   9,   1, -11 },   // 0x33 '3'
  {   170,  10,  12,  10,   0, -11 },   // 0x34 '4'
  {   185,   7,  12,   9,   1, -11 },   // 0x35 '5'
  {   196,   8,  12,   9,   1, -11 },   // 0x36 '6'
  {   208,   7,  13,   7,   0, -11 },   // 0x37 '7'
  {   220,   7,  13,   8,   0, -11 },   // 0x38 '8'
  {   232,   7,  12,   8,   1, -11 },   // 0x39 '9'
  {   243,   3,   8,   4,   0,  -7 },   // 0x3A ':'
  {   246,   4,  11,   4,   0,  -7 },   // 0x3B ';'
  {   252,   7,   8,   7,   0,  -8 },   // 0x3C '<'
  {   259,   8,   6,   8,   0,  -7 },   // 0x3D '='
  {   265,   7,   6,   7,   0,  -7 },   // 0x3E '>'
  {   271,   6,  13,   7,   0, -11 },   // 0x3F '?'
  {   281,  14,  13,  14,   0, -10 },   // 0x40 '@'
  {   304,   9,  12,   9,   0, -11 },   // 0x41 'A'
  {   318,  10,  12,  10,   0, -11 },   // 0x42 'B'
  {   333,   7,  13,   9,   1, -11 },   // 0x43 'C'
  {   345,   9,  12,  10,   0, -11 },   // 0x44 'D'
  {   359,   9,  12,   8,   0, -11 },   // 0x45 'E'
  {   373,   9,  12,   8,   0, -11 },   // 0x46 'F'
  {   387,   9,  13,   9,   0, -11 },   // 0x47 'G'
  {   402,   8,  12,  10,   1, -11 },   // 0x48 'H'
  {   414,   7,  12,   7,   0, -11 },   // 0x49 'I'
  {   425,   8,  12,   9,   0, -11 },   // 0x4A 'J'
  {   437,  10,  12,  10,   1, -11 },   // 0x4B 'K'
  {   452,   8,  13,   9,   1, -11 },   // 0x4C 'L'
  {   465,  13,  12,  14,   0, -10 },   // 0x4D 'M'
  {   485,   8,  12,  10,   1, -11 },   // 0x4E 'N'
  {   497,   9,  12,  10,   0, -11 },   // 0x4F 'O'
  {   511,   9,  12,   9,   0, -11 },   // 0x50 'P'
  {   525,  10,  14,  10,   0, -11 },   // 0x51 'Q'
  {   543,  10,  12,  10,   0, -11 },   // 0x52 'R'
  {   558,   7,  13,   8,   0, -11 },   // 0x53 'S'
  {   570,   9,  12,   9,   0, -11 },   // 0x54 'T'
  {   584,   8,  12,  10,   1, -11 },   // 0x55 'U'
  {   596,   8,  12,   9,   0, -11 },   // 0x56 'V'
  {   608,  13,  12,  14,   0, -11 },   // 0x57 'W'
  {   628,   9,  12,   9,   0, -11 },   // 0x58 'X'
  {   642,  10,  13,   9,   0, -12 },   // 0x59 'Y'
  {   659,   9,  12,   9,   0, -11 },   // 0x5A 'Z'
  {   673,   5,  14,   6,   1, -12 },   // 0x5B '['
  {   682,   7,  13,   7,   0, -11 },   // 0x5C '\\'
  {   694,   5,  14,   6,   0, -12 },   // 0x5D ']'
  {   703,   6,   5,   7,   0, -10 },   // 0x5E '^'
  {   707,  10,   2,   9,  -1,   1 },   // 0x5F '_'
  {   710,   1,   1,   8,   0,   0 },   // 0x60 '`'
  {   711,   8,   8,   9,   0,  -7 },   // 0x61 'a'
  {   719,   7,  12,   8,   1, -11 },   // 0x62 'b'
  {   730,   6,   9,   7,   0,  -7 },   // 0x63 'c'
  {   737,   8,  12,   9,   0, -11 },   // 0x64 'd'
  {   749,   8,   8,   8,   0,  -7 },   // 0x65 'e'
  {   757,   8,  12,   8,   0, -11 },   // 0x66 'f'
  {   769,   8,  14,   9,   0,  -8 },   // 0x67 'g'
  {   783,   8,  12,   9,   1, -11 },   // 0x68 'h'
  {   795,   2,  12,   4,   1, -11 },   // 0x69 'i'
  {   798,   6,  16,   4,  -3, -11 },   // 0x6A 'j'
  {   810,   8,  12,   9,   1, -11 },   // 0x6B 'k'
  {   822,   2,  12,   4,   1, -11 },   // 0x6C 'l'
  {   825,  11,   8,  12,   1,  -7 },   // 0x6D 'm'
  {   836,   7,  10,   8,   1,  -8 },   // 0x6E 'n'
  {   845,   7,   8,   8,   0,  -7 },   // 0x6F 'o'
  {   852,   7,  12,   9,   1,  -7 },   // 0x70 'p'
  {   863,   8,  13,   8,   0,  -8 },   // 0x71 'q'
  {   876,   6,   9,   7,   1,  -8 },   // 0x72 'r'
  {   883,   7,  10,   7,   0,  -8 },   // 0x73 's'
  {   892,   7,  11,   7,   0,  -9 },   // 0x74 't'
  {   902,   8,   9,   8,   0,  -8 },   // 0x75 'u'
  {   911,   7,   8,   8,   0,  -7 },   // 0x76 'v'
  {   918,  10,   9,  11,   0,  -8 },   // 0x77 'w'
  {   930,   7,   9,   7,   0,  -8 },   // 0x78 'x'
  {   938,   8,  13,   8,   0,  -8 },   // 0x79 'y'
  {   951,   7,   8,   7,   0,  -7 },   // 0x7A 'z'
  {   958,   7,  14,   8,   0, -12 },   // 0x7B '{'
  {   971,   3,  18,   4,   1, -13 },   // 0x7C '|'
  {   978,   7,  13,   8,   0, -11 },   // 0x7D '}'
  {   990,   9,   5,  10,   0,  -6 },   // 0x7E '~'
  {   995,   0,   0,   0,   0,   0 },   // 0x7F ''
  {   995,   0,   0,   0,   0,   0 },   // 0x80 ''
  {   995,   0,   0,   0,   0,   0 },   // 0x81 ''
  {   995,   0,   0,   0,   0,   0 },   // 0x82 ''
  {   995,   0,   0,   0,   0,   0 },   // 0x83 ''
  {   995,   0,   0,   0,   0,   0 },   // 0x84 ''
  {   995,   0,   0,   0,   0,   0 },   // 0x85 ''
  {   995,   0,   0,   0,   0,   0 },   // 0x86 ''
  {   995,   0,   0,   0,   0,   0 },   // 0x87 ''
  {   995,   0,   0,   0,   0,   0 },   // 0x88 ''
  {   995,   0,   0,   0,   0,   0 },   // 0x89 ''
  {   995,   0,   0,   0,   0,   0 },   // 0x8A ''
  {   995,   0,   0,   0,   0,   0 },   // 0x8B ''
  {   995,   0,   0,   0,   0,   0 },   // 0x8C ''
  {   995,   0,   0,   0,   0,   0 },   // 0x8D ''
  {   995,   0,   0,   0,   0,   0 },   // 0x8E ''
  {   995,   0,   0,   0,   0,   0 },   // 0x8F ''
  {   995,   0,   0,   0,   0,   0 },   // 0x90 ''
  {   995,   0,   0,   0,   0,   0 },   // 0x91 ''
  {   995,   0,   0,   0,   0,   0 },   // 0x92 ''
  {   995,   0,   0,   0,   0,   0 },   // 0x93 ''
  {   995,   0,   0,   0,   0,   0 },   // 0x94 ''
  {   995,   0,   0,   0,   0,   0 },   // 0x95 ''
  {   995,   0,   0,   0,   0,   0 },   // 0x96 ''
  {   995,   0,   0,   0,   0,   0 },   // 0x97 ''
  {   995,   0,   0,   0,   0,   0 },   // 0x98 ''
  {   995,   0,   0,   0,   0,   0 },   // 0x99 ''
  {   995,   0,   0,   0,   0,   0 },   // 0x9A ''
  {   995,   0,   0,   0,   0,   0 },   // 0x9B ''
  {   995,   0,   0,   0,   0,   0 },   // 0x9C ''
  {   995,   0,   0,   0,   0,   0 },   // 0x9D ''
  {   995,   0,   0,   0,   0,   0 },   // 0x9E ''
  {   995,   0,   0,   0,   0,   0 },   // 0x9F ''
  {   995,   0,   0,   0,   0,   0 },   // 0xA0 ' '
  {   995,   0,   0,   0,   0,   0 },   // 0xA1 '¡'
  {   995,   0,   0,   0,   0,   0 },   // 0xA2 '¢'
  {   995,   0,   0,   0,   0,   0 },   // 0xA3 '£'
  {   995,   0,   0,   0,   0,   0 },   // 0xA4 '¤'
  {   995,   0,   0,   0,   0,   0 },   // 0xA5 '¥'
  {   995,   0,   0,   0,   0,   0 },   // 0xA6 '¦'
  {   995,   0,   0,   0,   0,   0 },   // 0xA7 '§'
  {   995,   0,   0,   0,   0,   0 },   // 0xA8 '¨'
  {   995,   0,   0,   0,   0,   0 },   // 0xA9 '©'
  {   995,   0,   0,   0,   0,   0 },   // 0xAA 'ª'
  {   995,   0,   0,   0,   0,   0 },   // 0xAB '«'
  {   995,   0,   0,   0,   0,   0 },   // 0xAC '¬'
  {   995,   0,   0,   0,   0,   0 },   // 0xAD '­'
  {   995,   0,   0,   0,   0,   0 },   // 0xAE '®'
  {   995,   0,   0,   0,   0,   0 },   // 0xAF '¯'
  {   995,   0,   0,   0,   0,   0 },   // 0xB0 '°'
  {   995,   0,   0,   0,   0,   0 },   // 0xB1 '±'
  {   995,   0,   0,   0,   0,   0 },   // 0xB2 '²'
  {   995,   0,   0,   0,   0,   0 },   // 0xB3 '³'
  {   995,   0,   0,   0,   0,   0 },   // 0xB4 '´'
  {   995,   0,   0,   0,   0,   0 },   // 0xB5 'µ'
  {   995,   0,   0,   0,   0,   0 },   // 0xB6 '¶'
  {   996,   3,   3,   3,   0,  -6 },   // 0xB7 '·'
  {   997,   0,   0,   0,   0,   0 },   // 0xB8 '¸'
  {   997,   0,   0,   0,   0,   0 },   // 0xB9 '¹'
  {   997,   0,   0,   0,   0,   0 },   // 0xBA 'º'
  {   997,   0,   0,   0,   0,   0 },   // 0xBB '»'
  {   997,   0,   0,   0,   0,   0 },   // 0xBC '¼'
  {   997,   0,   0,   0,   0,   0 },   // 0xBD '½'
  {   997,   0,   0,   0,   0,   0 },   // 0xBE '¾'
  {   997,   0,   0,   0,   0,   0 },   // 0xBF '¿'
  {   998,   9,  16,   9,   0, -15 },   // 0xC0 'À'
  {  1016,   9,  16,   9,   0, -15 },   // 0xC1 'Á'
  {  1034,   0,   0,   0,   0,   0 },   // 0xC2 'Â'
  {  1034,   0,   0,   0,   0,   0 },   // 0xC3 'Ã'
  {  1034,   0,   0,   0,   0,   0 },   // 0xC4 'Ä'
  {  1034,   0,   0,   0,   0,   0 },   // 0xC5 'Å'
  {  1034,   0,   0,   0,   0,   0 },   // 0xC6 'Æ'
  {  1034,   7,  15,   9,   1, -11 },   // 0xC7 'Ç'
  {  1048,   9,  16,   8,   0, -15 },   // 0xC8 'È'
  {  1066,   9,  16,   8,   0, -15 },   // 0xC9 'É'
  {  1084,   0,   0,   0,   0,   0 },   // 0xCA 'Ê'
  {  1084,   0,   0,   0,   0,   0 },   // 0xCB 'Ë'
  {  1084,   0,   0,   0,   0,   0 },   // 0xCC 'Ì'
  {  1084,   7,  16,   7,   0, -15 },   // 0xCD 'Í'
  {  1098,   0,   0,   0,   0,   0 },   // 0xCE 'Î'
  {  1098,   7,  16,   7,   0, -15 },   // 0xCF 'Ï'
  {  1112,   0,   0,   0,   0,   0 },   // 0xD0 'Ð'
  {  1112,   8,  16,  10,   1, -15 },   // 0xD1 'Ñ'
  {  1128,   9,  16,  10,   0, -15 },   // 0xD2 'Ò'
  {  1146,   9,  16,  10,   0, -15 },   // 0xD3 'Ó'
  {  1164,   0,   0,   0,   0,   0 },   // 0xD4 'Ô'
  {  1164,   0,   0,   0,   0,   0 },   // 0xD5 'Õ'
  {  1164,   0,   0,   0,   0,   0 },   // 0xD6 'Ö'
  {  1164,   0,   0,   0,   0,   0 },   // 0xD7 '×'
  {  1164,   0,   0,   0,   0,   0 },   // 0xD8 'Ø'
  {  1164,   0,   0,   0,   0,   0 },   // 0xD9 'Ù'
  {  1164,   8,  16,  10,   1, -15 },   // 0xDA 'Ú'
  {  1180,   0,   0,   0,   0,   0 },   // 0xDB 'Û'
  {  1180,   8,  16,  10,   1, -15 },   // 0xDC 'Ü'
  {  1196,   0,   0,   0,   0,   0 },   // 0xDD 'Ý'
  {  1196,   0,   0,   0,   0,   0 },   // 0xDE 'Þ'
  {  1196,   0,   0,   0,   0,   0 },   // 0xDF 'ß'
  {  1196,   8,  12,   9,   0, -11 },   // 0xE0 'à'
  {  1208,   8,  12,   9,   0, -11 },   // 0xE1 'á'
  {  1220,   0,   0,   0,   0,   0 },   // 0xE2 'â'
  {  1220,   0,   0,   0,   0,   0 },   // 0xE3 'ã'
  {  1220,   0,   0,   0,   0,   0 },   // 0xE4 'ä'
  {  1220,   0,   0,   0,   0,   0 },   // 0xE5 'å'
  {  1220,   0,   0,   0,   0,   0 },   // 0xE6 'æ'
  {  1220,   6,  11,   7,   0,  -7 },   // 0xE7 'ç'
  {  1229,   8,  12,   8,   0, -11 },   // 0xE8 'è'
  {  1241,   8,  12,   8,   0, -11 },   // 0xE9 'é'
  {  1253,   0,   0,   0,   0,   0 },   // 0xEA 'ê'
  {  1253,   0,   0,   0,   0,   0 },   // 0xEB 'ë'
  {  1253,   0,   0,   0,   0,   0 },   // 0xEC 'ì'
  {  1253,   2,  13,   4,   1, -12 },   // 0xED 'í'
  {  1256,   0,   0,   0,   0,   0 },   // 0xEE 'î'
  {  1257,   2,  13,   4,   1, -12 },   // 0xEF 'ï'
  {  1260,   0,   0,   0,   0,   0 },   // 0xF0 'ð'
  {  1261,   7,  14,   8,   1, -12 },   // 0xF1 'ñ'
  {  1274,   7,  12,   8,   0, -11 },   // 0xF2 'ò'
  {  1285,   7,  12,   8,   0, -11 },   // 0xF3 'ó'
  {  1295,   0,   0,   0,   0,   0 },   // 0xF4 'ô'
  {  1295,   0,   0,   0,   0,   0 },   // 0xF5 'õ'
  {  1295,   0,   0,   0,   0,   0 },   // 0xF6 'ö'
  {  1295,   0,   0,   0,   0,   0 },   // 0xF7 '÷'
  {  1295,   0,   0,   0,   0,   0 },   // 0xF8 'ø'
  {  1295,   0,   0,   0,   0,   0 },   // 0xF9 'ù'
  {  1296,   8,  13,   8,   0, -12 },   // 0xFA 'ú'
  {  1309,   0,   0,   0,   0,   0 },   // 0xFB 'û'
  {  1309,   8,  13,   8,   0, -12 },   // 0xFC 'ü'
};

const GFXfont CoffeeFreeSmall PROGMEM = {
  (uint8_t  *)CoffeeFreeSmallBitmaps,
  (GFXglyph *)CoffeeFreeSmallGlyphs,
  0x20, 0xFC, 20 };

// --- CoffeeFreeTitle (px=25, yAdvance=32, 3117 bytes bitmap) ---
const uint8_t CoffeeFreeTitleBitmaps[] PROGMEM = {
  0x00, 0x7F, 0xFF, 0xFF, 0xFF, 0xFF, 0xFF, 0x70, 0x67, 0xF7, 0xDF, 0x7D, 0xF7, 0xDF, 0x20, 0x03,
  0x0C, 0x01, 0xE7, 0x80, 0x79, 0xE0, 0x1E, 0x78, 0x07, 0x9E, 0x1F, 0xFF, 0xE7, 0xFF, 0xFD, 0xFF,
  0xFF, 0x1F, 0x7F, 0x83, 0xCF, 0x00, 0xFF, 0xC1, 0xFF, 0xFC, 0x7F, 0xFF, 0x9F, 0xFF, 0xC1, 0xE7,
  0x80, 0x79, 0xE0, 0x1E, 0x78, 0x07, 0x9E, 0x01, 0xC7, 0x80, 0x00, 0x00, 0x0E, 0x01, 0xE0, 0x3C,
  0x0F, 0xE3, 0xFC, 0xFF, 0xDF, 0x7B, 0xCF, 0x71, 0xCF, 0x01, 0xF8, 0x1F, 0x81, 0xF8, 0x1F, 0x99,
  0xFF, 0x8F, 0xF1, 0xFE, 0x3F, 0xFF, 0xBF, 0xE3, 0xF8, 0x3E, 0x03, 0xC0, 0x78, 0x06, 0x00, 0x00,
  0x1C, 0x78, 0x1E, 0xFC, 0x3E, 0xFC, 0x3C, 0xFE, 0x78, 0xFE, 0xF8, 0xFC, 0xF0, 0x79, 0xF0, 0x01,
  0xE0, 0x03, 0xE0, 0x07, 0xC0, 0x07, 0x80, 0x0F, 0x9C, 0x1F, 0x3E, 0x1E, 0x7E, 0x3E, 0x7F, 0x7C,
  0x7F, 0x78, 0x7E, 0x38, 0x3C, 0x00, 0x00, 0x0F, 0xC0, 0x3F, 0xC0, 0x7F, 0x81, 0xFF, 0x83, 0xCF,
  0x07, 0xBE, 0x07, 0xF8, 0x0F, 0xF0, 0x1F, 0xC4, 0x3F, 0x1C, 0xFE, 0x7B, 0xFE, 0xFF, 0xBF, 0xFE,
  0x3F, 0xFC, 0x7F, 0xF8, 0x7E, 0xFF, 0xFC, 0xFF, 0xF8, 0xFF, 0xF0, 0x78, 0x00, 0xFF, 0xF0, 0x03,
  0xC1, 0xF8, 0x7F, 0x1F, 0xC3, 0xC0, 0xF0, 0x1E, 0x07, 0x80, 0xF0, 0x1E, 0x03, 0xC0, 0x78, 0x0F,
  0x01, 0xF0, 0x1E, 0x03, 0xF0, 0x3F, 0xC3, 0xF8, 0x3F, 0x00, 0x80, 0x7E, 0x0F, 0xE1, 0xFE, 0x1F,
  0xE0, 0x3C, 0x07, 0xC0, 0x78, 0x0F, 0x01, 0xE0, 0x3C, 0x07, 0x80, 0xF0, 0x3E, 0x07, 0x81, 0xF0,
  0xFC, 0x7F, 0x8F, 0xE1, 0xF0, 0x00, 0x00, 0x08, 0xF0, 0xE7, 0xF7, 0xC7, 0x1A, 0x00, 0x08, 0x03,
  0xC0, 0x78, 0x1F, 0xCF, 0xFD, 0xFF, 0xBF, 0xF0, 0xF0, 0x1E, 0x01, 0xC0, 0x73, 0xDE, 0xF3, 0x9D,
  0xC4, 0x7F, 0xFB, 0xFF, 0xDF, 0xFE, 0x7F, 0xC0, 0x03, 0x9E, 0xE2, 0x00, 0x00, 0x80, 0x38, 0x0F,
  0x01, 0xE0, 0x3C, 0x0F, 0x01, 0xE0, 0x3C, 0x0F, 0x01, 0xE0, 0x7C, 0x0F, 0x01, 0xE0, 0x78, 0x0F,
  0x01, 0xE0, 0x78, 0x0F, 0x01, 0xE0, 0x78, 0x0F, 0x00, 0xC0, 0x00, 0x07, 0x80, 0xFE, 0x0F, 0xF8,
  0x7F, 0xE7, 0xCF, 0x3C, 0x7B, 0xE3, 0xDE, 0x0F, 0xF0, 0x7F, 0x83, 0xBC, 0x3D, 0xE1, 0xEF, 0x0F,
  0x3C, 0xF1, 0xFF, 0x87, 0xF8, 0x3F, 0xC0, 0x78, 0x00, 0x03, 0x03, 0xC3, 0xE7, 0xF7, 0xFB, 0xFD,
  0xDE, 0x0F, 0x07, 0x83, 0xC1, 0xE0, 0xF0, 0x78, 0x3C, 0x1E, 0x0F, 0x07, 0x83, 0xC0, 0xE0, 0x1F,
  0x83, 0xFC, 0x7F, 0xCF, 0xFE, 0xF1, 0xEF, 0x1E, 0xF9, 0xE7, 0xBE, 0x7B, 0xC0, 0x7C, 0x0F, 0x81,
  0xF0, 0x3E, 0x07, 0xE0, 0x7F, 0xCF, 0xFE, 0xFF, 0xE7, 0xFE, 0x3F, 0x03, 0xFC, 0x1F, 0xF0, 0xFF,
  0x87, 0x3C, 0x19, 0xE0, 0x1F, 0x07, 0xF0, 0x7F, 0xC3, 0xFF, 0x0F, 0xF8, 0x01, 0xE0, 0x0F, 0x78,
  0x7B, 0xE7, 0xDF, 0xFC, 0x7F, 0xE1, 0xFE, 0x03, 0xC0, 0x00, 0x00, 0x07, 0x00, 0x3E, 0x01, 0xF8,
  0x0F, 0xE0, 0x7F, 0x83, 0xFE, 0x1F, 0x78, 0x79, 0xE3, 0xE7, 0x8F, 0x1E, 0x3F, 0xFE, 0xFF, 0xFF,
  0xFF, 0xF3, 0xFF, 0x80, 0x78, 0x01, 0xE0, 0x07, 0x80, 0x0E, 0x00, 0x1E, 0x83, 0xFC, 0x7F, 0xE7,
  0xFC, 0x78, 0x07, 0xE0, 0x7F, 0x87, 0xFC, 0x7F, 0xE0, 0x1E, 0x01, 0xE0, 0x0F, 0x60, 0xFF, 0x1F,
  0xF3, 0xEF, 0xFE, 0x7F, 0xC3, 0xF8, 0x0E, 0x00, 0x00, 0x80, 0x1E, 0x01, 0xF8, 0x1F, 0x81, 0xF8,
  0x1F, 0x01, 0xF0, 0x0F, 0xF0, 0x7F, 0xE7, 0xFF, 0xBF, 0xFD, 0xE1, 0xEF, 0x07, 0xF8, 0x3F, 0xC3,
  0xCF, 0x3E, 0x7F, 0xF1, 0xFF, 0x07, 0xF0, 0x0E, 0x00, 0x00, 0x0F, 0xF9, 0xFF, 0xBF, 0xF3, 0xFE,
  0x07, 0x81, 0xF0, 0x3C, 0x0F, 0x81, 0xE0, 0x7C, 0x0F, 0x01, 0xE0, 0x3C, 0x0F, 0x01, 0xE0, 0x3C,
  0x07, 0x80, 0x70, 0x00, 0x00, 0x1E, 0x07, 0xF1, 0xFF, 0x3F, 0xE7, 0xBD, 0xE7, 0x9E, 0xF3, 0xFE,
  0x3F, 0x87, 0xE1, 0xFE, 0x3F, 0xEF, 0xBD, 0xE7, 0xBC, 0x77, 0xFE, 0xFF, 0xCF, 0xF0, 0xFC, 0x00,
  0x00, 0x1F, 0x07, 0xF1, 0xFF, 0x3F, 0xEF, 0x3D, 0xE3, 0xFC, 0x7F, 0x8F, 0xFB, 0xEF, 0xFD, 0xFF,
  0x1F, 0xE0, 0xFC, 0x1F, 0x07, 0xE1, 0xF8, 0x7E, 0x0F, 0x80, 0xC0, 0x00, 0x03, 0xDE, 0xF0, 0x00,
  0x00, 0x03, 0x9E, 0xF3, 0x00, 0x07, 0xBD, 0xE0, 0x00, 0x00, 0x07, 0xBD, 0xF7, 0xB9, 0xCC, 0x40,
  0x02, 0x07, 0xC7, 0xEF, 0xEF, 0xE7, 0xC3, 0xF8, 0xFF, 0x1F, 0x87, 0xC0, 0x40, 0x00, 0xE7, 0xFF,
  0x7F, 0xF7, 0xFE, 0x38, 0x00, 0x00, 0x3F, 0xE7, 0xFF, 0x7F, 0xF7, 0xFE, 0x30, 0x1F, 0x07, 0xE1,
  0xFE, 0x1F, 0xC3, 0xF1, 0xFC, 0xFE, 0x7E, 0x1E, 0x02, 0x00, 0x3E, 0x3F, 0xBF, 0xDF, 0xFF, 0x7F,
  0x3C, 0x3E, 0x1E, 0x0F, 0x07, 0x87, 0x83, 0xC0, 0xC0, 0x00, 0x00, 0x38, 0x1E, 0x0F, 0x03, 0x00,
  0x00, 0x00, 0x00, 0x3F, 0xE0, 0x07, 0xFF, 0x80, 0xFF, 0xFC, 0x1F, 0xDF, 0xE3, 0xE7, 0x3E, 0x7C,
  0xF9, 0xF7, 0x9F, 0xCF, 0xFB, 0xFC, 0xFF, 0x3D, 0xEF, 0xF7, 0xFE, 0xFF, 0x7B, 0xFF, 0xF7, 0xFF,
  0xEF, 0x7F, 0xFE, 0xF3, 0xFF, 0xC7, 0x9E, 0xF8, 0x7E, 0x02, 0x03, 0xFF, 0x00, 0x3F, 0xF8, 0x00,
  0xFF, 0x00, 0x01, 0xC0, 0x00, 0x03, 0xC0, 0x3F, 0x03, 0xFC, 0x1F, 0xE1, 0xFF, 0x0F, 0x38, 0xF1,
  0xE7, 0x8F, 0x3C, 0x79, 0xFF, 0xDF, 0xFE, 0xFF, 0xF7, 0xFF, 0xBC, 0x3D, 0xE1, 0xEE, 0x0F, 0x70,
  0x3B, 0x81, 0xC0, 0x1F, 0xF0, 0x3F, 0xF8, 0x7F, 0xF8, 0x7E, 0x78, 0x7E, 0x78, 0x1E, 0x78, 0x1F,
  0xF8, 0x1F, 0xFC, 0x1F, 0xFE, 0x0F, 0xFE, 0x0E, 0x1E, 0x0E, 0x0E, 0x0F, 0x1E, 0x3F, 0x3E, 0x7F,
  0xFE, 0x7F, 0xFC, 0x3F, 0xF8, 0x0F, 0xE0, 0x07, 0x01, 0xFC, 0x3F, 0xE7, 0xFE, 0x79, 0xE7, 0x8F,
  0xF0, 0xFF, 0x06, 0xF0, 0x0F, 0x00, 0xF0, 0x6F, 0x0E, 0xF0, 0xFF, 0x0F, 0xF9, 0xF7, 0xFE, 0x7F,
  0xE1, 0xFC, 0x06, 0x00, 0x0C, 0x01, 0xFF, 0x07, 0xFF, 0x1F, 0xFE, 0x1F, 0xF8, 0x79, 0xF1, 0xE3,
  0xC7, 0x8F, 0x1E, 0x3C, 0x78, 0xF1, 0xE3, 0xC7, 0x8F, 0x1E, 0x7C, 0x7B, 0xE1, 0xFF, 0x8F, 0xFC,
  0x7F, 0xE3, 0xFF, 0x07, 0xF0, 0x00, 0x00, 0x7F, 0xCF, 0xFC, 0xFF, 0xCF, 0xF8, 0x78, 0x07, 0x80,
  0x78, 0x07, 0xF8, 0x7F, 0xC7, 0xFC, 0x7F, 0x87, 0x80, 0x78, 0x07, 0x80, 0x7D, 0xE7, 0xFF, 0x3F,
  0xE1, 0xFC, 0x7F, 0xFF, 0xFF, 0xDF, 0xFE, 0x7F, 0xE3, 0xC0, 0x1E, 0x00, 0xFE, 0x07, 0xFC, 0x3F,
  0xE1, 0xFE, 0x0F, 0x00, 0x78, 0x03, 0xC0, 0x1E, 0x00, 0xF0, 0x03, 0x80, 0x1C, 0x00, 0xC0, 0x00,
  0x00, 0x07, 0xC0, 0xFF, 0x07, 0xFC, 0x7F, 0xE7, 0xCF, 0x3C, 0x39, 0xE0, 0x8F, 0x00, 0xF3, 0xF7,
  0xBF, 0xFD, 0xFF, 0xEF, 0xEF, 0x1F, 0x79, 0xFB, 0xDF, 0xDF, 0xFE, 0x7F, 0xF1, 0xFB, 0x02, 0x00,
  0x00, 0x23, 0x83, 0xBC, 0x1F, 0xE0, 0xFF, 0x07, 0xF8, 0x3F, 0xC1, 0xFE, 0x0F, 0xFF, 0xFF, 0xFF,
  0xFF, 0xFF, 0xFF, 0xFF, 0x07, 0xF8, 0x3F, 0xC1, 0xFE, 0x0F, 0xF0, 0x7B, 0x83, 0xD8, 0x0C, 0x00,
  0x00, 0x7F, 0xCF, 0xFD, 0xFF, 0x1F, 0xC0, 0xF0, 0x1E, 0x03, 0xC0, 0x70, 0x0E, 0x01, 0xC0, 0x78,
  0x0F, 0x01, 0xE0, 0x3C, 0x1F, 0xC3, 0xFE, 0x7F, 0xCF, 0xF0, 0x7F, 0xE7, 0xFF, 0x7F, 0xF3, 0xFF,
  0x00, 0xF0, 0x0F, 0x00, 0xF0, 0x0F, 0x60, 0xFF, 0x0F, 0xF0, 0xFF, 0x0F, 0xF0, 0xFF, 0x1E, 0xFF,
  0xE7, 0xFE, 0x3F, 0xC1, 0xF8, 0x00, 0x30, 0xE0, 0xF3, 0xC3, 0xE7, 0x8F, 0x8F, 0x3E, 0x1E, 0xF8,
  0x3F, 0xE0, 0x7F, 0x80, 0xFE, 0x01, 0xF8, 0x03, 0xF8, 0x07, 0xF8, 0x0F, 0xF8, 0x1F, 0xF0, 0x3D,
  0xF8, 0x79, 0xFE, 0xF1, 0xFF, 0xE1, 0xFD, 0xC0, 0xF0, 0x30, 0x03, 0xC0, 0x1E, 0x00, 0xE0, 0x07,
  0x00, 0x78, 0x03, 0xC0, 0x1E, 0x00, 0xF0, 0x07, 0x80, 0x3C, 0x01, 0xE0, 0x0F, 0x00, 0x78, 0x03,
  0xC0, 0xCF, 0x1F, 0x7F, 0xF9, 0xFF, 0x87, 0xF8, 0x1F, 0x00, 0x00, 0x00, 0x00, 0x78, 0x3C, 0x03,
  0xC1, 0xE0, 0x3E, 0x1F, 0x81, 0xF8, 0xFC, 0x0F, 0xC7, 0xE0, 0x7E, 0x7F, 0x07, 0xF3, 0xFC, 0x3F,
  0xDF, 0xE1, 0xFE, 0xFF, 0x0F, 0xFF, 0x7C, 0x7F, 0xF9, 0xE7, 0x9F, 0xCF, 0x3C, 0xFE, 0x79, 0xE7,
  0xE1, 0xEF, 0x3F, 0x0F, 0xF0, 0xF8, 0x7F, 0x87, 0x83, 0xDC, 0x00, 0x0C, 0x70, 0x1B, 0xE0, 0xFF,
  0xC3, 0xFF, 0x0F, 0xFE, 0x3F, 0xF8, 0xFF, 0xF3, 0xFF, 0xCF, 0xF7, 0xBF, 0xDE, 0xFF, 0x3F, 0xFC,
  0xFF, 0xF1, 0xFF, 0xC7, 0xFF, 0x0F, 0xDC, 0x3F, 0x70, 0x7D, 0xC0, 0xE0, 0x1F, 0xC1, 0xFF, 0x0F,
  0xFC, 0xFF, 0xF7, 0xC7, 0xFC, 0x3F, 0xC1, 0xFE, 0x0F, 0xF0, 0x7F, 0x83, 0xFC, 0x1F, 0xE1, 0xFF,
  0x0F, 0x7C, 0xF9, 0xFF, 0x8F, 0xF8, 0x3F, 0x80, 0x70, 0x00, 0x0F, 0x81, 0xFF, 0xCF, 0xFF, 0x9F,
  0xFE, 0x1E, 0x7C, 0x78, 0xF1, 0xE3, 0xC7, 0x8F, 0x1E, 0x78, 0x7F, 0xE1, 0xFF, 0x07, 0xF8, 0x1F,
  0xC0, 0x78, 0x01, 0xE0, 0x07, 0x80, 0x1E, 0x00, 0x78, 0x00, 0xC0, 0x00, 0x07, 0xC0, 0x1F, 0xC0,
  0x7F, 0xC1, 0xFF, 0xC3, 0xC7, 0xCF, 0x87, 0x9E, 0x0F, 0x3C, 0x1E, 0x78, 0x3C, 0xF3, 0x79, 0xEF,
  0xF3, 0xDF, 0xE7, 0xBF, 0xCF, 0xBF, 0x8F, 0xFE, 0x1F, 0xFC, 0x1F, 0xF8, 0x1F, 0xF8, 0x00, 0xF0,
  0x00, 0xF0, 0x01, 0xC0, 0x00, 0x00, 0x7F, 0xE0, 0x7F, 0xF0, 0x7F, 0xF8, 0x3F, 0xF8, 0x3C, 0x78,
  0x3C, 0x78, 0x3C, 0x78, 0x3F, 0xF8, 0x3F, 0xF0, 0x3F, 0xE0, 0x3F, 0xC0, 0x3F, 0xE0, 0x3F, 0xF0,
  0x3D, 0xF8, 0x3C, 0xFE, 0x3C, 0x7E, 0x1C, 0x1E, 0x1C, 0x0C, 0x00, 0x07, 0xE1, 0xFE, 0x3F, 0xEF,
  0xBD, 0xE7, 0x3E, 0x03, 0xF0, 0x7F, 0x07, 0xF0, 0x3E, 0x33, 0xEF, 0x3D, 0xE7, 0xBC, 0x77, 0x9E,
  0xFF, 0xCF, 0xF0, 0xFC, 0x06, 0x00, 0x3F, 0xFC, 0xFF, 0xFD, 0xFF, 0xF9, 0xFF, 0xE0, 0x3C, 0x00,
  0x70, 0x00, 0xE0, 0x01, 0xC0, 0x07, 0x80, 0x0F, 0x00, 0x1E, 0x00, 0x3C, 0x00, 0x38, 0x00, 0x70,
  0x00, 0xF0, 0x01, 0xE0, 0x03, 0x80, 0x03, 0x00, 0x60, 0x77, 0x83, 0xBC, 0x1F, 0xE0, 0xFF, 0x07,
  0xF8, 0x3F, 0xC1, 0xFE, 0x0F, 0xF0, 0x7F, 0x83, 0xFC, 0x1F, 0xE0, 0xFF, 0x87, 0x3C, 0x79, 0xFF,
  0xC7, 0xFC, 0x1F, 0xE0, 0x3C, 0x00, 0xE0, 0x6F, 0x0F, 0xE0, 0xFF, 0x0F, 0xF0, 0xFF, 0x1E, 0xF1,
  0xEF, 0x1E, 0x7B, 0xE7, 0xBC, 0x7B, 0xC7, 0xFC, 0x3F, 0x83, 0xF8, 0x3F, 0x01, 0xF0, 0x1E, 0x00,
  0xC0, 0x00, 0x00, 0x0E, 0x0E, 0x0E, 0xF1, 0xE0, 0xFF, 0x1E, 0x0F, 0xF1, 0xE1, 0xEF, 0x1E, 0x1E,
  0xF1, 0xE1, 0xEF, 0x3E, 0x1E, 0xF3, 0xE1, 0xE7, 0x3E, 0x3C, 0x7B, 0xE3, 0xC7, 0xFE, 0x3C, 0x7F,
  0xF3, 0xC7, 0xFF, 0x78, 0x3F, 0xF7, 0x83, 0xFF, 0xF8, 0x3F, 0x7F, 0x03, 0xE3, 0xE0, 0x1E, 0x1C,
  0x00, 0x00, 0x00, 0xC0, 0xE7, 0x87, 0xDF, 0x1E, 0x3C, 0xF8, 0xFB, 0xC1, 0xFF, 0x03, 0xF8, 0x0F,
  0xC0, 0x1F, 0x00, 0x78, 0x03, 0xF0, 0x1F, 0xC0, 0x7F, 0x83, 0xFF, 0x1F, 0x3E, 0x78, 0x7F, 0xE1,
  0xF7, 0x03, 0x98, 0x00, 0x00, 0x00, 0x00, 0x31, 0xC0, 0xF7, 0x83, 0xEF, 0x87, 0x8F, 0x1F, 0x1F,
  0x7C, 0x1F, 0xF0, 0x1F, 0xE0, 0x1F, 0x80, 0x3F, 0x00, 0x3C, 0x00, 0x78, 0x01, 0xE0, 0x03, 0xC0,
  0x07, 0x80, 0x1E, 0x00, 0x3C, 0x00, 0x78, 0x00, 0xE0, 0x00, 0x00, 0xC0, 0xFF, 0xC3, 0xFF, 0x0F,
  0xFC, 0x1F, 0xF0, 0x0F, 0x80, 0x3C, 0x01, 0xF0, 0x0F, 0x80, 0x3C, 0x01, 0xF0, 0x07, 0x80, 0x3E,
  0x00, 0xF0, 0x07, 0x80, 0x1E, 0x00, 0xFF, 0xF9, 0xFF, 0xE7, 0xFF, 0x87, 0xF8, 0x38, 0x7E, 0xFE,
  0xFE, 0xF0, 0xF0, 0xF0, 0xF0, 0x70, 0x70, 0x70, 0x70, 0x78, 0x78, 0x78, 0x78, 0x78, 0x70, 0x7E,
  0x7E, 0x7E, 0x3E, 0xE0, 0x38, 0x0F, 0x03, 0xC0, 0xF8, 0x1E, 0x07, 0x80, 0xF0, 0x3C, 0x0F, 0x01,
  0xE0, 0x78, 0x1E, 0x03, 0xC0, 0xF0, 0x3C, 0x07, 0x81, 0xE0, 0x3C, 0x0F, 0x01, 0x80, 0x59, 0xFB,
  0xF7, 0xE1, 0xC3, 0x87, 0x0E, 0x1C, 0x38, 0x78, 0xF1, 0xE3, 0xC7, 0x8F, 0x1E, 0x3D, 0xFF, 0xFF,
  0xCF, 0x80, 0x18, 0x1E, 0x0F, 0x8F, 0xC7, 0xF7, 0xFB, 0xDF, 0xEF, 0xE3, 0x00, 0x7F, 0xFF, 0xFF,
  0xFF, 0xFF, 0xF9, 0xFF, 0xC0, 0x00, 0x03, 0xC0, 0x7E, 0x07, 0xFC, 0x7F, 0xE3, 0xCF, 0x3C, 0x79,
  0xE7, 0xCE, 0x7E, 0x73, 0xF3, 0xFF, 0x9F, 0xFE, 0xFE, 0xF3, 0xE7, 0x00, 0x20, 0x0E, 0x03, 0xC0,
  0x78, 0x0F, 0x01, 0xE0, 0x3F, 0xE7, 0xFE, 0xFF, 0xFF, 0xFF, 0xF7, 0xFE, 0xFF, 0x9F, 0xF3, 0xFE,
  0x7F, 0xDF, 0xFF, 0xCF, 0xF8, 0xFE, 0x02, 0x00, 0x0F, 0x07, 0xE3, 0xF8, 0xFE, 0x7F, 0x9E, 0x07,
  0x81, 0xEE, 0x7B, 0xDF, 0xF7, 0xF9, 0xFE, 0x3F, 0x03, 0x00, 0x00, 0x60, 0x0F, 0x00, 0xF0, 0x0F,
  0x01, 0xF0, 0xFF, 0x1F, 0xF3, 0xFF, 0x3F, 0xF7, 0x9F, 0x7B, 0xF7, 0xBF, 0x73, 0xF7, 0xFF, 0x7F,
  0xF7, 0xFF, 0x3F, 0xF3, 0xE7, 0x00, 0x01, 0xF8, 0x3F, 0xC3, 0xFC, 0x7F, 0xC7, 0xFC, 0x7F, 0xC7,
  0xF8, 0x7E, 0xE7, 0x9F, 0x7F, 0xF3, 0xFE, 0x1F, 0xC0, 0x60, 0x01, 0x80, 0x7E, 0x0F, 0xF1, 0xFF,
  0x1E, 0x61, 0xE0, 0x7F, 0x8F, 0xFC, 0xFF, 0xC7, 0xFC, 0x1C, 0x01, 0xC0, 0x1C, 0x01, 0xE0, 0x1E,
  0x01, 0xE0, 0x1E, 0x01, 0xC0, 0x1C, 0x00, 0x00, 0x00, 0x01, 0xF8, 0x7F, 0x9F, 0xF7, 0xFF, 0xF3,
  0xFC, 0x7F, 0x9F, 0xF3, 0xFC, 0xFF, 0xFF, 0xFF, 0xFF, 0xFE, 0xFB, 0xC0, 0x78, 0x0F, 0xE3, 0xFE,
  0xFB, 0xFF, 0x7F, 0xC3, 0xF0, 0x70, 0x0F, 0x00, 0xF0, 0x0F, 0x00, 0xF0, 0x0F, 0x30, 0xF7, 0xCF,
  0xFC, 0xFF, 0xEF, 0xFE, 0xFF, 0xEF, 0xCF, 0xFC, 0xFF, 0x8F, 0xF8, 0xFF, 0x8F, 0xF0, 0xF7, 0x07,
  0x00, 0x00, 0x6F, 0xFF, 0x60, 0x6F, 0xFF, 0xFF, 0xFF, 0xFF, 0xFF, 0x60, 0x01, 0x80, 0xF0, 0x3C,
  0x07, 0x00, 0x00, 0x00, 0x1C, 0x0F, 0x03, 0xC0, 0xF0, 0x3C, 0x0F, 0x03, 0xC0, 0xF0, 0x3C, 0x0F,
  0x03, 0xC0, 0xF0, 0x3C, 0x0F, 0x67, 0xFF, 0xEF, 0xF1, 0xF8, 0x18, 0x00, 0x70, 0x07, 0x80, 0x3C,
  0x01, 0xE0, 0x0F, 0x00, 0x78, 0x63, 0xC7, 0x1E, 0x7C, 0xFF, 0xC7, 0xFC, 0x3F, 0xC1, 0xFC, 0x0F,
  0xF0, 0x7F, 0xC3, 0xFF, 0x9E, 0xFE, 0xF1, 0xFB, 0x87, 0x80, 0x7F, 0xFF, 0xFF, 0xFF, 0xFF, 0xFF,
  0xFF, 0xFF, 0xF7, 0x00, 0xE0, 0x00, 0x7B, 0xCF, 0x3F, 0xFF, 0xDF, 0xFF, 0xFF, 0xFF, 0xFF, 0xFF,
  0xBF, 0xFF, 0xDF, 0xF7, 0xCF, 0xF9, 0xE7, 0xF8, 0xF3, 0xFC, 0x79, 0xFE, 0x38, 0xF6, 0x1C, 0x38,
  0x00, 0x00, 0x40, 0x1E, 0x73, 0xDF, 0x7F, 0xFF, 0xFF, 0xFF, 0xFF, 0x7F, 0xEF, 0xF9, 0xFF, 0x3F,
  0xC7, 0xF8, 0xFF, 0x0F, 0xE1, 0xC0, 0x00, 0x0F, 0x03, 0xF0, 0xFF, 0x3F, 0xF7, 0xBE, 0xF3, 0xDC,
  0x3B, 0x8F, 0x79, 0xEF, 0xFD, 0xFF, 0x1F, 0xC1, 0xF0, 0x00, 0x00, 0x60, 0x0F, 0x7C, 0xFF, 0xEF,
  0xFE, 0xFF, 0xFF, 0xCF, 0xFC, 0xFF, 0x8F, 0xF8, 0xFF, 0x1E, 0xFF, 0xEF, 0xFE, 0xFF, 0xCF, 0xF8,
  0xF0, 0x0F, 0x00, 0xF0, 0x0F, 0x00, 0x60, 0x00, 0x07, 0xC0, 0xFE, 0x1F, 0xE3, 0xFF, 0x7C, 0xF7,
  0x9F, 0x79, 0xF7, 0x3F, 0x73, 0xF7, 0xFF, 0x7F, 0xE7, 0xFE, 0x3E, 0xE1, 0x9E, 0x01, 0xE0, 0x1E,
  0x01, 0xE0, 0x0E, 0x00, 0x00, 0xE0, 0x1F, 0xF3, 0xFF, 0x7F, 0xEF, 0xFD, 0xF3, 0xBE, 0x07, 0x80,
  0xF0, 0x1E, 0x03, 0xC0, 0x78, 0x06, 0x00, 0x00, 0x00, 0x0C, 0x0F, 0xE7, 0xFF, 0xFF, 0xF3, 0xFF,
  0x67, 0xF1, 0xFE, 0x1F, 0xF8, 0xFF, 0x3F, 0xFF, 0xFF, 0x9F, 0xC1, 0xE0, 0x1C, 0x07, 0x01, 0xC1,
  0xFC, 0xFF, 0xBF, 0xE7, 0xF0, 0xF0, 0x3C, 0x0F, 0x03, 0xC0, 0xF7, 0x3F, 0xC7, 0xF1, 0xFC, 0x7E,
  0x07, 0x00, 0x60, 0x1E, 0x3B, 0xCF, 0x79, 0xEF, 0x3D, 0xE7, 0xBC, 0xF7, 0xBE, 0xF7, 0xDF, 0xFB,
  0xFF, 0xBF, 0xF3, 0xDC, 0x20, 0x47, 0x0E, 0xF0, 0xE7, 0x9E, 0x79, 0xE7, 0x9E, 0x79, 0xE7, 0xBC,
  0x3F, 0xC3, 0xF8, 0x1F, 0x81, 0xF0, 0x0E, 0x00, 0x63, 0x05, 0xC7, 0x1F, 0x9E, 0x7F, 0xBC, 0xFF,
  0x7D, 0xFF, 0xFB, 0xFF, 0xFF, 0x7F, 0xFE, 0xFF, 0xFC, 0xFF, 0xF9, 0xFF, 0xE3, 0xEF, 0xC3, 0xCF,
  0x00, 0x00, 0x00, 0x00, 0x06, 0x39, 0xEF, 0x3D, 0xE7, 0xFC, 0x7F, 0x07, 0xC0, 0xF8, 0x3F, 0x07,
  0xF1, 0xFF, 0x3D, 0xF7, 0x9E, 0xE1, 0xC8, 0x00, 0x00, 0x07, 0x04, 0x78, 0xE7, 0x8F, 0x78, 0xF7,
  0x8F, 0x79, 0xF7, 0x9F, 0x79, 0xF7, 0xBF, 0x7F, 0xF3, 0xFF, 0x1F, 0xF0, 0xEF, 0x00, 0xE6, 0x1E,
  0x7F, 0xEF, 0xFE, 0x7F, 0xC1, 0xF8, 0x3F, 0x8F, 0xF9, 0xFF, 0x1F, 0xE0, 0x7C, 0x1F, 0x07, 0xE1,
  0xF8, 0x7E, 0x0F, 0x81, 0xFF, 0xBF, 0xF7, 0xFE, 0x00, 0x00, 0xFC, 0x1F, 0x87, 0xF0, 0xF4, 0x1C,
  0x07, 0x80, 0xF0, 0x1E, 0x0F, 0xC1, 0xF0, 0x3E, 0x07, 0xE0, 0x3C, 0x07, 0x80, 0xF0, 0x1E, 0x03,
  0xE0, 0x3F, 0x87, 0xF0, 0x7E, 0x03, 0x00, 0x7F, 0xFF, 0xFF, 0xFF, 0xFF, 0xFF, 0xFF, 0x77, 0x77,
  0x77, 0x77, 0x77, 0x77, 0x00, 0x7C, 0x0F, 0xC1, 0xFC, 0x17, 0x80, 0xF0, 0x0E, 0x01, 0xE0, 0x3C,
  0x07, 0xC0, 0xFC, 0x1F, 0x83, 0xF0, 0x78, 0x1E, 0x03, 0xC0, 0x78, 0x0F, 0x0F, 0xE1, 0xF8, 0x3F,
  0x01, 0x00, 0x00, 0x39, 0xE3, 0xDF, 0xDF, 0xFF, 0xFF, 0xFF, 0xF9, 0xFB, 0x81, 0x00, 0x33, 0xDE,
  0xE0, 0x00, 0x18, 0x00, 0x30, 0x00, 0xC0, 0x01, 0x80, 0x00, 0x01, 0xE0, 0x1F, 0x81, 0xFE, 0x0F,
  0xF0, 0xFF, 0x87, 0x9C, 0x78, 0xF3, 0xC7, 0x9E, 0x3C, 0xFF, 0xEF, 0xFF, 0x7F, 0xFB, 0xFF, 0xDE,
  0x1E, 0xF0, 0xF7, 0x07, 0xB8, 0x1D, 0xC0, 0xE0, 0x00, 0xC0, 0x18, 0x01, 0x80, 0x30, 0x00, 0x00,
  0x01, 0xE0, 0x1F, 0x81, 0xFE, 0x0F, 0xF0, 0xFF, 0x87, 0x9C, 0x78, 0xF3, 0xC7, 0x9E, 0x3C, 0xFF,
  0xEF, 0xFF, 0x7F, 0xFB, 0xFF, 0xDE, 0x1E, 0xF0, 0xF7, 0x07, 0xB8, 0x1D, 0xC0, 0xE0, 0x07, 0x01,
  0xFC, 0x3F, 0xE7, 0xFE, 0x79, 0xE7, 0x8F, 0xF0, 0xFF, 0x06, 0xF0, 0x0F, 0x00, 0xF0, 0x6F, 0x0E,
  0xF0, 0xFF, 0x0F, 0xF9, 0xF7, 0xFE, 0x7F, 0xE1, 0xFC, 0x06, 0x00, 0x18, 0x06, 0x00, 0xC0, 0x30,
  0x00, 0x18, 0x00, 0xC0, 0x03, 0x00, 0x18, 0x00, 0x07, 0xFC, 0xFF, 0xCF, 0xFC, 0xFF, 0x87, 0x80,
  0x78, 0x07, 0x80, 0x7F, 0x87, 0xFC, 0x7F, 0xC7, 0xF8, 0x78, 0x07, 0x80, 0x78, 0x07, 0xDE, 0x7F,
  0xF3, 0xFE, 0x1F, 0xC0, 0x01, 0x80, 0x30, 0x0C, 0x01, 0x80, 0x00, 0x07, 0xFC, 0xFF, 0xCF, 0xFC,
  0xFF, 0x87, 0x80, 0x78, 0x07, 0x80, 0x7F, 0x87, 0xFC, 0x7F, 0xC7, 0xF8, 0x78, 0x07, 0x80, 0x78,
  0x07, 0xDE, 0x7F, 0xF3, 0xFE, 0x1F, 0xC0, 0x01, 0x80, 0xC0, 0x30, 0x18, 0x00, 0x00, 0xFF, 0x9F,
  0xFB, 0xFE, 0x3F, 0x81, 0xE0, 0x3C, 0x07, 0x80, 0xE0, 0x1C, 0x03, 0x80, 0xF0, 0x1E, 0x03, 0xC0,
  0x78, 0x3F, 0x87, 0xFC, 0xFF, 0x9F, 0xE0, 0x31, 0x86, 0x30, 0xC6, 0x18, 0xC0, 0x00, 0xFF, 0x9F,
  0xFB, 0xFE, 0x3F, 0x81, 0xE0, 0x3C, 0x07, 0x80, 0xE0, 0x1C, 0x03, 0x80, 0xF0, 0x1E, 0x03, 0xC0,
  0x78, 0x3F, 0x87, 0xFC, 0xFF, 0x9F, 0xE0, 0x06, 0x04, 0x66, 0x60, 0x00, 0x18, 0x18, 0x00, 0x01,
  0xC0, 0x6F, 0x83, 0xFF, 0x0F, 0xFC, 0x3F, 0xF8, 0xFF, 0xE3, 0xFF, 0xCF, 0xFF, 0x3F, 0xDE, 0xFF,
  0x7B, 0xFC, 0xFF, 0xF3, 0xFF, 0xC7, 0xFF, 0x1F, 0xFC, 0x3F, 0x70, 0xFD, 0xC1, 0xF7, 0x03, 0x80,
  0x18, 0x00, 0x30, 0x00, 0xC0, 0x01, 0x80, 0x00, 0x0F, 0xE0, 0xFF, 0x87, 0xFE, 0x7F, 0xFB, 0xE3,
  0xFE, 0x1F, 0xE0, 0xFF, 0x07, 0xF8, 0x3F, 0xC1, 0xFE, 0x0F, 0xF0, 0xFF, 0x87, 0xBE, 0x7C, 0xFF,
  0xC7, 0xFC, 0x1F, 0xC0, 0x38, 0x00, 0x00, 0xC0, 0x18, 0x01, 0x80, 0x30, 0x00, 0x00, 0x0F, 0xE0,
  0xFF, 0x87, 0xFE, 0x7F, 0xFB, 0xE3, 0xFE, 0x1F, 0xE0, 0xFF, 0x07, 0xF8, 0x3F, 0xC1, 0xFE, 0x0F,
  0xF0, 0xFF, 0x87, 0xBE, 0x7C, 0xFF, 0xC7, 0xFC, 0x1F, 0xC0, 0x38, 0x00, 0x00, 0xC0, 0x18, 0x01,
  0x80, 0x30, 0x00, 0x00, 0x30, 0x3B, 0xC1, 0xDE, 0x0F, 0xF0, 0x7F, 0x83, 0xFC, 0x1F, 0xE0, 0xFF,
  0x07, 0xF8, 0x3F, 0xC1, 0xFE, 0x0F, 0xF0, 0x7F, 0xC3, 0x9E, 0x3C, 0xFF, 0xE3, 0xFE, 0x0F, 0xF0,
  0x1E, 0x00, 0x18, 0xC0, 0xC6, 0x06, 0x30, 0x31, 0x80, 0x00, 0x30, 0x3B, 0xC1, 0xDE, 0x0F, 0xF0,
  0x7F, 0x83, 0xFC, 0x1F, 0xE0, 0xFF, 0x07, 0xF8, 0x3F, 0xC1, 0xFE, 0x0F, 0xF0, 0x7F, 0xC3, 0x9E,
  0x3C, 0xFF, 0xE3, 0xFE, 0x0F, 0xF0, 0x1E, 0x00, 0x18, 0x00, 0x30, 0x00, 0xC0, 0x01, 0x80, 0x00,
  0x01, 0xE0, 0x3F, 0x03, 0xFE, 0x3F, 0xF1, 0xE7, 0x9E, 0x3C, 0xF3, 0xE7, 0x3F, 0x39, 0xF9, 0xFF,
  0xCF, 0xFF, 0x7F, 0x79, 0xF3, 0x80, 0x00, 0xC0, 0x18, 0x01, 0x80, 0x30, 0x00, 0x00, 0x01, 0xE0,
  0x3F, 0x03, 0xFE, 0x3F, 0xF1, 0xE7, 0x9E, 0x3C, 0xF3, 0xE7, 0x3F, 0x39, 0xF9, 0xFF, 0xCF, 0xFF,
  0x7F, 0x79, 0xF3, 0x80, 0x0F, 0x07, 0xE3, 0xF8, 0xFE, 0x7F, 0x9E, 0x07, 0x81, 0xEE, 0x7B, 0xDF,
  0xF7, 0xF9, 0xFE, 0x3F, 0x03, 0x00, 0x30, 0x30, 0x18, 0x18, 0x00, 0x18, 0x00, 0xC0, 0x03, 0x00,
  0x18, 0x00, 0x00, 0x00, 0x1F, 0x83, 0xFC, 0x3F, 0xC7, 0xFC, 0x7F, 0xC7, 0xFC, 0x7F, 0x87, 0xEE,
  0x79, 0xF7, 0xFF, 0x3F, 0xE1, 0xFC, 0x06, 0x00, 0x01, 0x80, 0x30, 0x0C, 0x01, 0x80, 0x00, 0x00,
  0x00, 0x1F, 0x83, 0xFC, 0x3F, 0xC7, 0xFC, 0x7F, 0xC7, 0xFC, 0x7F, 0x87, 0xEE, 0x79, 0xF7, 0xFF,
  0x3F, 0xE1, 0xFC, 0x06, 0x00, 0x33, 0x66, 0x00, 0x6F, 0xFF, 0xFF, 0xFF, 0xFF, 0xFF, 0x60, 0x77,
  0x77, 0x00, 0x6F, 0xFF, 0xFF, 0xFF, 0xFF, 0xFF, 0x60, 0x0C, 0x26, 0xD8, 0x00, 0x30, 0xC0, 0x00,
  0x80, 0x3C, 0xE7, 0xBE, 0xFF, 0xFF, 0xFF, 0xFF, 0xFE, 0xFF, 0xDF, 0xF3, 0xFE, 0x7F, 0x8F, 0xF1,
  0xFE, 0x1F, 0xC3, 0x80, 0x00, 0x30, 0x01, 0x80, 0x18, 0x00, 0xC0, 0x00, 0x1E, 0x07, 0xE1, 0xFE,
  0x7F, 0xEF, 0x7D, 0xE7, 0xB8, 0x77, 0x1E, 0xF3, 0xDF, 0xFB, 0xFE, 0x3F, 0x83, 0xE0, 0x00, 0x00,
  0x01, 0x80, 0xC0, 0x30, 0x18, 0x00, 0x00, 0x1E, 0x07, 0xE1, 0xFE, 0x7F, 0xEF, 0x7D, 0xE7, 0xB8,
  0x77, 0x1E, 0xF3, 0xDF, 0xFB, 0xFE, 0x3F, 0x83, 0xE0, 0x00, 0x00, 0x01, 0x80, 0xC0, 0x30, 0x18,
  0x00, 0x00, 0xC0, 0x3C, 0x77, 0x9E, 0xF3, 0xDE, 0x7B, 0xCF, 0x79, 0xEF, 0x7D, 0xEF, 0xBF, 0xF7,
  0xFF, 0x7F, 0xE7, 0xB8, 0x31, 0x86, 0x30, 0xC6, 0x18, 0xC0, 0x00, 0xC0, 0x3C, 0x77, 0x9E, 0xF3,
  0xDE, 0x7B, 0xCF, 0x79, 0xEF, 0x7D, 0xEF, 0xBF, 0xF7, 0xFF, 0x7F, 0xE7, 0xB8,
};

const GFXglyph CoffeeFreeTitleGlyphs[] PROGMEM = {
  {     0,   1,   1,   6,   0,   0 },   // 0x20 ' '
  {     1,   4,  18,   7,   1, -17 },   // 0x21 '!'
  {    10,   6,   6,   8,   1, -17 },   // 0x22 '"'
  {    15,  18,  20,  19,   0, -18 },   // 0x23 '#'
  {    60,  11,  25,  13,   1, -20 },   // 0x24 '$'
  {    95,  16,  20,  17,   1, -18 },   // 0x25 '%'
  {   135,  15,  20,  17,   1, -18 },   // 0x26 '&'
  {   173,   2,   6,   4,   1, -17 },   // 0x27 '\''
  {   175,  11,  20,  12,   1, -18 },   // 0x28 '('
  {   203,  11,  20,  12,   0, -18 },   // 0x29 ')'
  {   231,   7,   7,   9,   1, -18 },   // 0x2A '*'
  {   238,  11,  10,  12,   1, -12 },   // 0x2B '+'
  {   252,   5,   8,   6,   0,  -3 },   // 0x2C ','
  {   257,  13,   4,  14,   0,  -8 },   // 0x2D '-'
  {   264,   5,   5,   5,   0,  -3 },   // 0x2E '.'
  {   268,  11,  22,  11,   0, -18 },   // 0x2F '/'
  {   299,  13,  18,  15,   1, -17 },   // 0x30 '0'
  {   329,   9,  19,  11,   0, -18 },   // 0x31 '1'
  {   351,  12,  18,  13,   1, -17 },   // 0x32 '2'
  {   378,  13,  19,  14,   1, -17 },   // 0x33 '3'
  {   409,  14,  19,  16,   1, -18 },   // 0x34 '4'
  {   443,  12,  19,  14,   1, -18 },   // 0x35 '5'
  {   472,  13,  20,  15,   1, -18 },   // 0x36 '6'
  {   505,  11,  20,  12,   0, -18 },   // 0x37 '7'
  {   533,  11,  20,  13,   1, -18 },   // 0x38 '8'
  {   561,  11,  19,  13,   1, -17 },   // 0x39 '9'
  {   588,   5,  13,   6,   0, -12 },   // 0x3A ':'
  {   597,   5,  17,   6,   1, -12 },   // 0x3B ';'
  {   608,   9,  11,  11,   1, -12 },   // 0x3C '<'
  {   621,  12,  10,  13,   0, -12 },   // 0x3D '='
  {   636,  10,  11,  11,   0, -12 },   // 0x3E '>'
  {   650,   9,  19,  11,   1, -17 },   // 0x3F '?'
  {   672,  20,  21,  22,   1, -17 },   // 0x40 '@'
  {   725,  13,  18,  14,   0, -17 },   // 0x41 'A'
  {   755,  16,  18,  16,   0, -17 },   // 0x42 'B'
  {   791,  12,  19,  14,   1, -17 },   // 0x43 'C'
  {   820,  14,  20,  15,   0, -18 },   // 0x44 'D'
  {   855,  12,  18,  13,   1, -17 },   // 0x45 'E'
  {   882,  13,  19,  13,   0, -17 },   // 0x46 'F'
  {   913,  13,  19,  15,   1, -17 },   // 0x47 'G'
  {   944,  13,  20,  15,   1, -18 },   // 0x48 'H'
  {   977,  11,  18,  11,   0, -17 },   // 0x49 'I'
  {  1002,  12,  18,  14,   1, -17 },   // 0x4A 'J'
  {  1029,  15,  19,  16,   1, -18 },   // 0x4B 'K'
  {  1065,  13,  20,  14,   1, -18 },   // 0x4C 'L'
  {  1098,  21,  19,  21,   0, -17 },   // 0x4D 'M'
  {  1148,  14,  18,  16,   1, -17 },   // 0x4E 'N'
  {  1180,  13,  18,  15,   1, -17 },   // 0x4F 'O'
  {  1210,  14,  19,  14,   0, -18 },   // 0x50 'P'
  {  1244,  15,  22,  15,   0, -17 },   // 0x51 'Q'
  {  1286,  16,  18,  16,   0, -17 },   // 0x52 'R'
  {  1322,  11,  20,  12,   1, -18 },   // 0x53 'S'
  {  1350,  15,  18,  14,  -1, -17 },   // 0x54 'T'
  {  1384,  13,  18,  15,   1, -17 },   // 0x55 'U'
  {  1414,  12,  18,  14,   1, -17 },   // 0x56 'V'
  {  1441,  20,  19,  21,   1, -18 },   // 0x57 'W'
  {  1489,  14,  20,  14,   0, -18 },   // 0x58 'X'
  {  1524,  15,  20,  14,   0, -19 },   // 0x59 'Y'
  {  1562,  14,  20,  13,   0, -18 },   // 0x5A 'Z'
  {  1597,   8,  22,   9,   1, -19 },   // 0x5B '['
  {  1619,  10,  21,  11,   1, -18 },   // 0x5C '\\'
  {  1646,   7,  22,   9,   1, -19 },   // 0x5D ']'
  {  1666,   9,   9,  11,   1, -17 },   // 0x5E '^'
  {  1677,  15,   4,  13,  -1,   1 },   // 0x5F '_'
  {  1685,   1,   1,  13,   0,   0 },   // 0x60 '`'
  {  1686,  13,  13,  13,   0, -12 },   // 0x61 'a'
  {  1708,  11,  20,  13,   1, -18 },   // 0x62 'b'
  {  1736,  10,  14,  10,   0, -12 },   // 0x63 'c'
  {  1754,  12,  18,  13,   0, -17 },   // 0x64 'd'
  {  1781,  12,  14,  12,   0, -12 },   // 0x65 'e'
  {  1802,  12,  20,  12,   0, -18 },   // 0x66 'f'
  {  1832,  11,  21,  13,   1, -13 },   // 0x67 'g'
  {  1861,  12,  19,  14,   1, -17 },   // 0x68 'h'
  {  1890,   4,  20,   6,   1, -18 },   // 0x69 'i'
  {  1900,  10,  25,   6,  -5, -18 },   // 0x6A 'j'
  {  1932,  13,  18,  14,   1, -17 },   // 0x6B 'k'
  {  1962,   4,  19,   6,   1, -17 },   // 0x6C 'l'
  {  1972,  17,  14,  19,   1, -12 },   // 0x6D 'm'
  {  2002,  11,  15,  13,   1, -13 },   // 0x6E 'n'
  {  2023,  11,  14,  12,   0, -12 },   // 0x6F 'o'
  {  2043,  12,  19,  13,   1, -12 },   // 0x70 'p'
  {  2072,  12,  19,  13,   0, -12 },   // 0x71 'q'
  {  2101,  11,  14,  12,   1, -12 },   // 0x72 'r'
  {  2121,  10,  15,  12,   1, -13 },   // 0x73 's'
  {  2140,  10,  17,  11,   0, -15 },   // 0x74 't'
  {  2162,  11,  13,  12,   1, -12 },   // 0x75 'u'
  {  2180,  12,  13,  12,   0, -12 },   // 0x76 'v'
  {  2200,  15,  14,  17,   1, -12 },   // 0x77 'w'
  {  2227,  11,  15,  12,   0, -13 },   // 0x78 'x'
  {  2248,  12,  20,  13,   0, -13 },   // 0x79 'y'
  {  2278,  11,  13,  12,   0, -12 },   // 0x7A 'z'
  {  2296,  11,  22,  12,   0, -19 },   // 0x7B '{'
  {  2327,   4,  27,   7,   1, -20 },   // 0x7C '|'
  {  2341,  11,  21,  12,   0, -18 },   // 0x7D '}'
  {  2370,  13,   7,  15,   1, -10 },   // 0x7E '~'
  {  2381,   0,   0,   0,   0,   0 },   // 0x7F ''
  {  2381,   0,   0,   0,   0,   0 },   // 0x80 ''
  {  2381,   0,   0,   0,   0,   0 },   // 0x81 ''
  {  2381,   0,   0,   0,   0,   0 },   // 0x82 ''
  {  2381,   0,   0,   0,   0,   0 },   // 0x83 ''
  {  2381,   0,   0,   0,   0,   0 },   // 0x84 ''
  {  2381,   0,   0,   0,   0,   0 },   // 0x85 ''
  {  2381,   0,   0,   0,   0,   0 },   // 0x86 ''
  {  2381,   0,   0,   0,   0,   0 },   // 0x87 ''
  {  2381,   0,   0,   0,   0,   0 },   // 0x88 ''
  {  2381,   0,   0,   0,   0,   0 },   // 0x89 ''
  {  2381,   0,   0,   0,   0,   0 },   // 0x8A ''
  {  2381,   0,   0,   0,   0,   0 },   // 0x8B ''
  {  2381,   0,   0,   0,   0,   0 },   // 0x8C ''
  {  2381,   0,   0,   0,   0,   0 },   // 0x8D ''
  {  2381,   0,   0,   0,   0,   0 },   // 0x8E ''
  {  2381,   0,   0,   0,   0,   0 },   // 0x8F ''
  {  2381,   0,   0,   0,   0,   0 },   // 0x90 ''
  {  2381,   0,   0,   0,   0,   0 },   // 0x91 ''
  {  2381,   0,   0,   0,   0,   0 },   // 0x92 ''
  {  2381,   0,   0,   0,   0,   0 },   // 0x93 ''
  {  2381,   0,   0,   0,   0,   0 },   // 0x94 ''
  {  2381,   0,   0,   0,   0,   0 },   // 0x95 ''
  {  2381,   0,   0,   0,   0,   0 },   // 0x96 ''
  {  2381,   0,   0,   0,   0,   0 },   // 0x97 ''
  {  2381,   0,   0,   0,   0,   0 },   // 0x98 ''
  {  2381,   0,   0,   0,   0,   0 },   // 0x99 ''
  {  2381,   0,   0,   0,   0,   0 },   // 0x9A ''
  {  2381,   0,   0,   0,   0,   0 },   // 0x9B ''
  {  2381,   0,   0,   0,   0,   0 },   // 0x9C ''
  {  2381,   0,   0,   0,   0,   0 },   // 0x9D ''
  {  2381,   0,   0,   0,   0,   0 },   // 0x9E ''
  {  2381,   0,   0,   0,   0,   0 },   // 0x9F ''
  {  2381,   0,   0,   0,   0,   0 },   // 0xA0 ' '
  {  2381,   0,   0,   0,   0,   0 },   // 0xA1 '¡'
  {  2381,   0,   0,   0,   0,   0 },   // 0xA2 '¢'
  {  2381,   0,   0,   0,   0,   0 },   // 0xA3 '£'
  {  2381,   0,   0,   0,   0,   0 },   // 0xA4 '¤'
  {  2381,   0,   0,   0,   0,   0 },   // 0xA5 '¥'
  {  2381,   0,   0,   0,   0,   0 },   // 0xA6 '¦'
  {  2381,   0,   0,   0,   0,   0 },   // 0xA7 '§'
  {  2381,   0,   0,   0,   0,   0 },   // 0xA8 '¨'
  {  2381,   0,   0,   0,   0,   0 },   // 0xA9 '©'
  {  2381,   0,   0,   0,   0,   0 },   // 0xAA 'ª'
  {  2381,   0,   0,   0,   0,   0 },   // 0xAB '«'
  {  2381,   0,   0,   0,   0,   0 },   // 0xAC '¬'
  {  2381,   0,   0,   0,   0,   0 },   // 0xAD '­'
  {  2381,   0,   0,   0,   0,   0 },   // 0xAE '®'
  {  2381,   0,   0,   0,   0,   0 },   // 0xAF '¯'
  {  2381,   0,   0,   0,   0,   0 },   // 0xB0 '°'
  {  2381,   0,   0,   0,   0,   0 },   // 0xB1 '±'
  {  2381,   0,   0,   0,   0,   0 },   // 0xB2 '²'
  {  2381,   0,   0,   0,   0,   0 },   // 0xB3 '³'
  {  2381,   0,   0,   0,   0,   0 },   // 0xB4 '´'
  {  2381,   0,   0,   0,   0,   0 },   // 0xB5 'µ'
  {  2381,   0,   0,   0,   0,   0 },   // 0xB6 '¶'
  {  2382,   5,   5,   5,   0, -10 },   // 0xB7 '·'
  {  2385,   0,   0,   0,   0,   0 },   // 0xB8 '¸'
  {  2385,   0,   0,   0,   0,   0 },   // 0xB9 '¹'
  {  2385,   0,   0,   0,   0,   0 },   // 0xBA 'º'
  {  2385,   0,   0,   0,   0,   0 },   // 0xBB '»'
  {  2385,   0,   0,   0,   0,   0 },   // 0xBC '¼'
  {  2385,   0,   0,   0,   0,   0 },   // 0xBD '½'
  {  2385,   0,   0,   0,   0,   0 },   // 0xBE '¾'
  {  2385,   0,   0,   0,   0,   0 },   // 0xBF '¿'
  {  2386,  13,  23,  14,   0, -22 },   // 0xC0 'À'
  {  2424,  13,  23,  14,   0, -22 },   // 0xC1 'Á'
  {  2461,   0,   0,   0,   0,   0 },   // 0xC2 'Â'
  {  2461,   0,   0,   0,   0,   0 },   // 0xC3 'Ã'
  {  2461,   0,   0,   0,   0,   0 },   // 0xC4 'Ä'
  {  2461,   0,   0,   0,   0,   0 },   // 0xC5 'Å'
  {  2461,   0,   0,   0,   0,   0 },   // 0xC6 'Æ'
  {  2462,  12,  23,  14,   1, -17 },   // 0xC7 'Ç'
  {  2497,  12,  23,  13,   1, -22 },   // 0xC8 'È'
  {  2532,  12,  23,  13,   1, -22 },   // 0xC9 'É'
  {  2566,   0,   0,   0,   0,   0 },   // 0xCA 'Ê'
  {  2566,   0,   0,   0,   0,   0 },   // 0xCB 'Ë'
  {  2566,   0,   0,   0,   0,   0 },   // 0xCC 'Ì'
  {  2567,  11,  23,  11,   0, -22 },   // 0xCD 'Í'
  {  2598,   0,   0,   0,   0,   0 },   // 0xCE 'Î'
  {  2599,  11,  23,  11,   0, -22 },   // 0xCF 'Ï'
  {  2630,   0,   0,   0,   0,   0 },   // 0xD0 'Ð'
  {  2631,  14,  23,  16,   1, -22 },   // 0xD1 'Ñ'
  {  2672,  13,  23,  15,   1, -22 },   // 0xD2 'Ò'
  {  2710,  13,  23,  15,   1, -22 },   // 0xD3 'Ó'
  {  2747,   0,   0,   0,   0,   0 },   // 0xD4 'Ô'
  {  2747,   0,   0,   0,   0,   0 },   // 0xD5 'Õ'
  {  2747,   0,   0,   0,   0,   0 },   // 0xD6 'Ö'
  {  2747,   0,   0,   0,   0,   0 },   // 0xD7 '×'
  {  2747,   0,   0,   0,   0,   0 },   // 0xD8 'Ø'
  {  2747,   0,   0,   0,   0,   0 },   // 0xD9 'Ù'
  {  2748,  13,  23,  15,   1, -22 },   // 0xDA 'Ú'
  {  2785,   0,   0,   0,   0,   0 },   // 0xDB 'Û'
  {  2786,  13,  23,  15,   1, -22 },   // 0xDC 'Ü'
  {  2823,   0,   0,   0,   0,   0 },   // 0xDD 'Ý'
  {  2823,   0,   0,   0,   0,   0 },   // 0xDE 'Þ'
  {  2823,   0,   0,   0,   0,   0 },   // 0xDF 'ß'
  {  2824,  13,  18,  13,   0, -17 },   // 0xE0 'à'
  {  2854,  13,  18,  13,   0, -17 },   // 0xE1 'á'
  {  2883,   0,   0,   0,   0,   0 },   // 0xE2 'â'
  {  2883,   0,   0,   0,   0,   0 },   // 0xE3 'ã'
  {  2883,   0,   0,   0,   0,   0 },   // 0xE4 'ä'
  {  2883,   0,   0,   0,   0,   0 },   // 0xE5 'å'
  {  2883,   0,   0,   0,   0,   0 },   // 0xE6 'æ'
  {  2884,  10,  18,  10,   0, -12 },   // 0xE7 'ç'
  {  2907,  12,  19,  12,   0, -17 },   // 0xE8 'è'
  {  2936,  12,  19,  12,   0, -17 },   // 0xE9 'é'
  {  2964,   0,   0,   0,   0,   0 },   // 0xEA 'ê'
  {  2964,   0,   0,   0,   0,   0 },   // 0xEB 'ë'
  {  2964,   0,   0,   0,   0,   0 },   // 0xEC 'ì'
  {  2965,   4,  20,   6,   1, -18 },   // 0xED 'í'
  {  2975,   0,   0,   0,   0,   0 },   // 0xEE 'î'
  {  2975,   4,  20,   6,   1, -18 },   // 0xEF 'ï'
  {  2985,   0,   0,   0,   0,   0 },   // 0xF0 'ð'
  {  2985,  11,  20,  13,   1, -18 },   // 0xF1 'ñ'
  {  3013,  11,  19,  12,   0, -17 },   // 0xF2 'ò'
  {  3040,  11,  19,  12,   0, -17 },   // 0xF3 'ó'
  {  3066,   0,   0,   0,   0,   0 },   // 0xF4 'ô'
  {  3066,   0,   0,   0,   0,   0 },   // 0xF5 'õ'
  {  3066,   0,   0,   0,   0,   0 },   // 0xF6 'ö'
  {  3066,   0,   0,   0,   0,   0 },   // 0xF7 '÷'
  {  3066,   0,   0,   0,   0,   0 },   // 0xF8 'ø'
  {  3066,   0,   0,   0,   0,   0 },   // 0xF9 'ù'
  {  3067,  11,  18,  12,   1, -17 },   // 0xFA 'ú'
  {  3091,   0,   0,   0,   0,   0 },   // 0xFB 'û'
  {  3092,  11,  18,  12,   1, -17 },   // 0xFC 'ü'
};

const GFXfont CoffeeFreeTitle PROGMEM = {
  (uint8_t  *)CoffeeFreeTitleBitmaps,
  (GFXglyph *)CoffeeFreeTitleGlyphs,
  0x20, 0xFC, 32 };

// --- CoffeeFreeValue (px=32, yAdvance=41, 5095 bytes bitmap) ---
const uint8_t CoffeeFreeValueBitmaps[] PROGMEM = {
  0x00, 0xF7, 0xFF, 0xFF, 0xFF, 0xFF, 0xFF, 0xFF, 0xFF, 0xFF, 0xFE, 0x60, 0x1D, 0xFF, 0xFD, 0xC0,
  0x00, 0xE6, 0xE7, 0xE7, 0xE7, 0xE7, 0xE7, 0xE6, 0x00, 0x00, 0x00, 0x00, 0x06, 0x0F, 0x00, 0x3C,
  0x7C, 0x01, 0xF1, 0xF0, 0x07, 0xC7, 0xC0, 0x1F, 0x1F, 0x00, 0x7C, 0x7C, 0x1F, 0xFF, 0xFE, 0xFF,
  0xFF, 0xFF, 0xFF, 0xFF, 0xF7, 0xFF, 0xFF, 0x87, 0xFF, 0xFC, 0x0F, 0x8F, 0x80, 0x3E, 0x3E, 0x03,
  0xFF, 0xFE, 0x1F, 0xFF, 0xFC, 0xFF, 0xFF, 0xF3, 0xFF, 0xFF, 0xC7, 0xFF, 0xFF, 0x07, 0xC7, 0xC0,
  0x1F, 0x1F, 0x00, 0x7C, 0x7C, 0x01, 0xF1, 0xF0, 0x0F, 0x87, 0x80, 0x1E, 0x1E, 0x00, 0x00, 0x10,
  0x00, 0x03, 0x80, 0x1F, 0x00, 0x7C, 0x01, 0xF0, 0x0F, 0xF0, 0x7F, 0xE3, 0xFF, 0xCF, 0xFF, 0x7E,
  0x7D, 0xF1, 0xF7, 0xC7, 0xDF, 0x06, 0x7E, 0x00, 0xFE, 0x03, 0xFC, 0x07, 0xF8, 0x0F, 0xF0, 0x0F,
  0xE3, 0x1F, 0xDE, 0x3F, 0x7C, 0x7F, 0xE1, 0xF7, 0xC7, 0xDF, 0xFF, 0x7F, 0xF8, 0xFF, 0xE3, 0xFF,
  0x03, 0xF0, 0x03, 0xE0, 0x0F, 0x00, 0x3C, 0x00, 0x60, 0x00, 0x00, 0xC0, 0x00, 0x1E, 0x3E, 0x03,
  0xE7, 0xF0, 0x3E, 0x7F, 0x07, 0xEF, 0xF8, 0xFC, 0xFF, 0x8F, 0x8F, 0xF9, 0xF8, 0xFF, 0x1F, 0x07,
  0xF3, 0xF0, 0x3C, 0x7E, 0x00, 0x07, 0xE0, 0x00, 0xFC, 0x00, 0x0F, 0x80, 0x01, 0xF8, 0x00, 0x3F,
  0x00, 0x03, 0xE1, 0xC0, 0x7E, 0x7E, 0x0F, 0xCF, 0xF0, 0xFC, 0xFF, 0x1F, 0x8F, 0xF3, 0xF0, 0xFF,
  0x3F, 0x0F, 0xF3, 0xE0, 0xFE, 0x3C, 0x07, 0xC0, 0x00, 0x00, 0x00, 0xE0, 0x00, 0x7F, 0x80, 0x0F,
  0xFC, 0x00, 0xFF, 0xE0, 0x1F, 0xFE, 0x01, 0xFB, 0xE0, 0x1F, 0x3E, 0x01, 0xF3, 0xE0, 0x1F, 0xFE,
  0x00, 0xFF, 0xE0, 0x0F, 0xFC, 0x00, 0x7F, 0x80, 0x0F, 0xF1, 0xE1, 0xFF, 0x1F, 0x3F, 0xF1, 0xF3,
  0xFF, 0x9F, 0x7E, 0xFD, 0xF7, 0xC7, 0xFE, 0xFC, 0x7F, 0xEF, 0x83, 0xFE, 0xFC, 0x1F, 0xCF, 0xFF,
  0xFC, 0x7F, 0xFF, 0xC7, 0xFF, 0xFC, 0x1F, 0xFF, 0xC0, 0x7F, 0x00, 0xFF, 0xFF, 0xF8, 0x00, 0x00,
  0x07, 0xE0, 0x3F, 0xC3, 0xFF, 0x0F, 0xF8, 0x7F, 0x83, 0xF0, 0x0F, 0x80, 0x7E, 0x01, 0xF0, 0x07,
  0xC0, 0x1F, 0x00, 0xF8, 0x03, 0xE0, 0x0F, 0x80, 0x3E, 0x00, 0x7C, 0x01, 0xF0, 0x07, 0xC0, 0x1F,
  0x80, 0x3F, 0x80, 0xFF, 0xE1, 0xFF, 0x83, 0xFE, 0x03, 0xF8, 0x03, 0xC0, 0x08, 0x00, 0x7F, 0x01,
  0xFF, 0x03, 0xFF, 0x03, 0xFF, 0x00, 0xFF, 0x00, 0x7E, 0x00, 0x7E, 0x00, 0x7C, 0x00, 0xF8, 0x01,
  0xF0, 0x03, 0xE0, 0x07, 0xC0, 0x0F, 0x80, 0x1F, 0x00, 0x3E, 0x00, 0xFC, 0x01, 0xF0, 0x07, 0xE0,
  0x1F, 0x80, 0xFF, 0x07, 0xFC, 0x1F, 0xF0, 0x3F, 0xC0, 0x7F, 0x00, 0x20, 0x00, 0x36, 0x1B, 0x0F,
  0x0F, 0xEF, 0xF8, 0xE0, 0xF8, 0x6C, 0x22, 0x00, 0x00, 0x00, 0x1C, 0x00, 0xF8, 0x03, 0xE0, 0x0F,
  0x81, 0xFF, 0xEF, 0xFF, 0xBF, 0xFE, 0xFF, 0xF9, 0xFF, 0x00, 0xF8, 0x03, 0xE0, 0x07, 0x80, 0x7B,
  0xEF, 0xFF, 0x7C, 0xF3, 0x9E, 0x71, 0x80, 0x00, 0x3F, 0xFF, 0x3F, 0xFF, 0x9F, 0xFF, 0xEF, 0xFF,
  0xE3, 0xFF, 0xF0, 0x00, 0xF1, 0xF3, 0xE7, 0xC6, 0x00, 0x00, 0x00, 0x00, 0xC0, 0x07, 0x80, 0x3E,
  0x00, 0xF8, 0x03, 0xE0, 0x1F, 0x80, 0x7C, 0x01, 0xF0, 0x0F, 0x80, 0x3E, 0x01, 0xF8, 0x07, 0xC0,
  0x1F, 0x00, 0xFC, 0x03, 0xE0, 0x0F, 0x80, 0x7C, 0x01, 0xF0, 0x0F, 0xC0, 0x3E, 0x00, 0xF8, 0x07,
  0xE0, 0x1F, 0x00, 0x7C, 0x03, 0xF0, 0x0F, 0x80, 0x3E, 0x00, 0x30, 0x00, 0x03, 0xF0, 0x03, 0xFC,
  0x03, 0xFF, 0x03, 0xFF, 0xC3, 0xFF, 0xE1, 0xF9, 0xF9, 0xF8, 0x7C, 0xF8, 0x3E, 0x7C, 0x1F, 0x3E,
  0x0F, 0xBE, 0x07, 0xDF, 0x03, 0xEF, 0x81, 0xF7, 0xC0, 0xFB, 0xE0, 0x7C, 0xF8, 0x7E, 0x7C, 0x3E,
  0x3F, 0x3F, 0x0F, 0xFF, 0x07, 0xFF, 0x81, 0xFF, 0x80, 0x7F, 0x80, 0x0F, 0x00, 0x00, 0x00, 0x78,
  0x1F, 0x07, 0xF1, 0xFE, 0xFF, 0xFF, 0xFF, 0xFF, 0xFF, 0xEE, 0x7C, 0x0F, 0x81, 0xF0, 0x3E, 0x07,
  0xC0, 0xF8, 0x1F, 0x03, 0xE0, 0x7C, 0x0F, 0x81, 0xF0, 0x3E, 0x07, 0xC0, 0xF8, 0x1F, 0x01, 0xC0,
  0x01, 0x80, 0x1F, 0xE0, 0x7F, 0xE1, 0xFF, 0xC7, 0xFF, 0xCF, 0xEF, 0x9F, 0x1F, 0x7C, 0x3E, 0x7C,
  0x7C, 0xF8, 0xF9, 0xFB, 0xF1, 0xE7, 0xE1, 0x9F, 0x80, 0x7F, 0x01, 0xFC, 0x07, 0xF0, 0x1F, 0xC0,
  0x7F, 0x00, 0xFC, 0x03, 0xFF, 0xC7, 0xFF, 0xCF, 0xFF, 0xDF, 0xFF, 0x9F, 0xFE, 0x0F, 0xE0, 0x1F,
  0xF8, 0x0F, 0xFC, 0x0F, 0xFF, 0x07, 0xFF, 0x83, 0xE7, 0xC0, 0xF3, 0xE0, 0x01, 0xF0, 0x03, 0xF8,
  0x0F, 0xF8, 0x0F, 0xFE, 0x07, 0xFF, 0x83, 0xFF, 0xC0, 0xFF, 0xF0, 0x00, 0xF8, 0x00, 0x7C, 0x70,
  0x3E, 0x7C, 0x1F, 0x3F, 0x0F, 0x8F, 0xFF, 0xC7, 0xFF, 0xC1, 0xFF, 0xE0, 0x7F, 0xE0, 0x0F, 0xC0,
  0x00, 0x10, 0x00, 0x1F, 0x00, 0x0F, 0xC0, 0x07, 0xF0, 0x03, 0xFC, 0x01, 0xFF, 0x00, 0xFF, 0xC0,
  0x7F, 0xF0, 0x1F, 0xFC, 0x0F, 0xDF, 0x07, 0xE7, 0xC1, 0xF1, 0xF0, 0xFC, 0x7C, 0x3E, 0x1F, 0x0F,
  0xFF, 0xFF, 0xFF, 0xFF, 0x7F, 0xFF, 0xDF, 0xFF, 0xF1, 0xFF, 0xF0, 0x00, 0xF0, 0x00, 0x3C, 0x00,
  0x0F, 0x80, 0x03, 0xE0, 0x00, 0xF0, 0x1F, 0xF0, 0x7F, 0xF8, 0xFF, 0xF3, 0xFF, 0xE7, 0xFF, 0x8F,
  0x80, 0x1F, 0xE0, 0x3F, 0xF0, 0x7F, 0xF0, 0xFF, 0xF0, 0xFF, 0xF0, 0x47, 0xE0, 0x07, 0xE0, 0x07,
  0xC0, 0x0F, 0x98, 0x1F, 0x78, 0x3F, 0xF8, 0xFD, 0xFB, 0xFB, 0xFF, 0xE7, 0xFF, 0x87, 0xFF, 0x07,
  0xF8, 0x01, 0xC0, 0x00, 0x38, 0x00, 0xFC, 0x01, 0xFC, 0x03, 0xFC, 0x07, 0xF8, 0x0F, 0xE0, 0x1F,
  0xC0, 0x3F, 0x80, 0x3F, 0x00, 0x7F, 0xF0, 0x7F, 0xFC, 0x7F, 0xFE, 0x7F, 0xFE, 0xFF, 0xFF, 0xF8,
  0x1F, 0xF8, 0x1F, 0xF8, 0x1F, 0x7C, 0x1F, 0x7C, 0x1F, 0x7E, 0x3F, 0x3F, 0xFE, 0x3F, 0xFE, 0x1F,
  0xFC, 0x0F, 0xF8, 0x03, 0xE0, 0x00, 0xF0, 0xFF, 0xE7, 0xFF, 0xDF, 0xFF, 0x7F, 0xFC, 0x7F, 0xF0,
  0x1F, 0x80, 0x7E, 0x03, 0xF0, 0x0F, 0x80, 0x7E, 0x01, 0xF0, 0x07, 0xC0, 0x3F, 0x00, 0xF8, 0x03,
  0xE0, 0x0F, 0x80, 0x7C, 0x01, 0xF0, 0x07, 0xC0, 0x1F, 0x00, 0x7C, 0x01, 0xF0, 0x07, 0x80, 0x00,
  0x00, 0x0F, 0xC0, 0x7F, 0xC3, 0xFF, 0x8F, 0xFE, 0x7F, 0xF9, 0xF3, 0xE7, 0xCF, 0x9F, 0x3E, 0x7F,
  0xF8, 0xFF, 0xC3, 0xFF, 0x07, 0xF8, 0x3F, 0xE0, 0xFF, 0xC7, 0xFF, 0x9F, 0x7E, 0x7C, 0xFD, 0xF1,
  0xF7, 0x87, 0xDF, 0x7F, 0x7F, 0xF9, 0xFF, 0xE3, 0xFF, 0x07, 0xF8, 0x03, 0x00, 0x00, 0x00, 0x07,
  0xC0, 0x7F, 0x83, 0xFF, 0x0F, 0xFE, 0x7F, 0xF9, 0xF3, 0xEF, 0xC7, 0xFE, 0x1F, 0xF8, 0x7F, 0xF1,
  0xF7, 0xC7, 0xDF, 0xFF, 0x7F, 0xFC, 0xFF, 0xF1, 0xFF, 0x83, 0xFE, 0x03, 0xF0, 0x0F, 0xC0, 0xFE,
  0x0F, 0xF8, 0x3F, 0xC0, 0xFE, 0x03, 0xE0, 0x06, 0x00, 0x38, 0xF9, 0xF1, 0xE3, 0x80, 0x00, 0x00,
  0x00, 0x00, 0x01, 0xC7, 0xCF, 0x9F, 0x0C, 0x79, 0xEF, 0xDE, 0x38, 0x00, 0x00, 0x00, 0x03, 0x1E,
  0xFF, 0xFF, 0xCF, 0x3C, 0xE7, 0x9C, 0x20, 0x00, 0x00, 0x1E, 0x03, 0xE0, 0xFE, 0x3F, 0xE7, 0xFC,
  0xFF, 0x0F, 0xE0, 0xFF, 0x87, 0xFE, 0x3F, 0xF0, 0xFF, 0x03, 0xE0, 0x0E, 0x3F, 0xFC, 0xFF, 0xFD,
  0xFF, 0xFB, 0xFF, 0xF3, 0xFF, 0xC0, 0x00, 0x00, 0x00, 0x0F, 0xFE, 0x3F, 0xFE, 0xFF, 0xFD, 0xFF,
  0xF9, 0xFF, 0xE0, 0x00, 0x01, 0xE0, 0x1F, 0xC0, 0xFF, 0x03, 0xFE, 0x0F, 0xF8, 0x1F, 0xE0, 0x7F,
  0x0F, 0xF9, 0xFF, 0x8F, 0xF0, 0xFE, 0x03, 0xE0, 0x0C, 0x00, 0x0F, 0x83, 0xFC, 0x7F, 0xEF, 0xFE,
  0xFF, 0xEF, 0x9F, 0xF9, 0xF7, 0x3E, 0x03, 0xE0, 0x3E, 0x07, 0xE0, 0x7C, 0x07, 0xC0, 0xFC, 0x0F,
  0x80, 0x78, 0x02, 0x00, 0x00, 0x00, 0x00, 0x70, 0x0F, 0x80, 0xF8, 0x0F, 0x80, 0x70, 0x00, 0x00,
  0x00, 0x00, 0x00, 0x00, 0x1F, 0xF0, 0x00, 0x1F, 0xFF, 0x00, 0x0F, 0xFF, 0xF0, 0x07, 0xFF, 0xFE,
  0x03, 0xFF, 0xFF, 0xC1, 0xFC, 0x67, 0xF8, 0xFE, 0x7E, 0x7E, 0x3F, 0x3F, 0x8F, 0xDF, 0x9F, 0xF1,
  0xF7, 0xCF, 0xFC, 0x7D, 0xF3, 0xFF, 0x9F, 0xFD, 0xFB, 0xE7, 0xFE, 0x7C, 0xF9, 0xFF, 0x9F, 0x7E,
  0xFB, 0xE7, 0xFF, 0xBE, 0xF9, 0xFF, 0xFF, 0xBF, 0x7F, 0xFF, 0xC7, 0xCF, 0xFF, 0xE1, 0xF1, 0xFF,
  0xF8, 0x7F, 0x10, 0xF8, 0x0F, 0xFF, 0x80, 0x03, 0xFF, 0xF0, 0x00, 0x7F, 0xFE, 0x00, 0x0F, 0xFF,
  0x00, 0x00, 0xFF, 0xC0, 0x00, 0x00, 0x00, 0x01, 0xF0, 0x03, 0xF8, 0x07, 0xFC, 0x0F, 0xFC, 0x0F,
  0xFC, 0x1F, 0xBE, 0x1F, 0x3E, 0x3F, 0x3E, 0x3E, 0x3E, 0x3E, 0x3E, 0x7E, 0x3E, 0x7F, 0xFE, 0x7F,
  0xFE, 0x7F, 0xFE, 0x7F, 0xFF, 0xFF, 0xFF, 0xF8, 0x1F, 0xF8, 0x1F, 0xF8, 0x1F, 0xF8, 0x1F, 0xF8,
  0x1F, 0xF0, 0x1F, 0x60, 0x0E, 0x00, 0x60, 0x00, 0xFF, 0xE0, 0x1F, 0xFF, 0x07, 0xFF, 0xF0, 0x7F,
  0xFF, 0x87, 0xF8, 0xF8, 0x7F, 0x8F, 0x83, 0xF9, 0xF8, 0x0F, 0xBF, 0x00, 0xFF, 0xF0, 0x0F, 0xFF,
  0x80, 0xFF, 0xFC, 0x0F, 0xFF, 0xE0, 0x7F, 0xFE, 0x07, 0xC3, 0xF0, 0x7C, 0x1F, 0x07, 0xC1, 0xF0,
  0x7C, 0x3F, 0x1F, 0xC7, 0xE3, 0xFF, 0xFE, 0x3F, 0xFF, 0xC3, 0xFF, 0xF8, 0x1F, 0xFF, 0x00, 0x7F,
  0xC0, 0x03, 0xC0, 0x1F, 0xE0, 0x7F, 0xE0, 0xFF, 0xE3, 0xFF, 0xE7, 0xCF, 0xDF, 0x8F, 0xBE, 0x1F,
  0x7C, 0x3F, 0xF8, 0x3F, 0xE0, 0x07, 0xC0, 0x0F, 0x80, 0x1F, 0x01, 0xBE, 0x07, 0xFC, 0x1F, 0xF8,
  0x3F, 0xF8, 0x7D, 0xF8, 0xFB, 0xFF, 0xF3, 0xFF, 0xC3, 0xFF, 0x83, 0xFE, 0x01, 0xE0, 0x0F, 0xC0,
  0x0F, 0xFE, 0x03, 0xFF, 0xC1, 0xFF, 0xF8, 0x3F, 0xFF, 0x03, 0xFF, 0xE0, 0xF9, 0xF8, 0x3E, 0x3F,
  0x0F, 0x87, 0xC3, 0xE1, 0xF0, 0xF8, 0x7C, 0x3E, 0x1F, 0x0F, 0x87, 0xC3, 0xE1, 0xF0, 0xF8, 0xFC,
  0x3E, 0x3E, 0x0F, 0x9F, 0x83, 0xEF, 0xC0, 0xFF, 0xF0, 0xFF, 0xF8, 0x7F, 0xFC, 0x1F, 0xFE, 0x07,
  0xFF, 0x01, 0xFF, 0x00, 0x0C, 0x00, 0x00, 0x7F, 0xF8, 0xFF, 0xFC, 0xFF, 0xFC, 0xFF, 0xF8, 0x7F,
  0xF0, 0x7C, 0x00, 0x7C, 0x00, 0x7C, 0x00, 0x7C, 0x00, 0x7F, 0xF0, 0x7F, 0xF8, 0x7F, 0xF8, 0x7F,
  0xF0, 0x7F, 0xE0, 0x7C, 0x00, 0x7C, 0x00, 0x7C, 0x00, 0x3E, 0x08, 0x3F, 0xFE, 0x3F, 0xFE, 0x1F,
  0xFE, 0x1F, 0xFE, 0x07, 0xF8, 0x00, 0x00, 0x10, 0x00, 0x3F, 0xFF, 0x9F, 0xFF, 0xEF, 0xFF, 0xF7,
  0xFF, 0xF0, 0xFE, 0x30, 0x7C, 0x00, 0x3E, 0x00, 0x1F, 0x00, 0x0F, 0xF8, 0x07, 0xFE, 0x03, 0xFF,
  0x81, 0xFF, 0xC0, 0xFF, 0xC0, 0x7C, 0x00, 0x3E, 0x00, 0x1F, 0x00, 0x0F, 0x80, 0x07, 0xC0, 0x03,
  0xE0, 0x01, 0xF0, 0x00, 0xF8, 0x00, 0x3C, 0x00, 0x0C, 0x00, 0x00, 0x00, 0x00, 0x03, 0xF8, 0x03,
  0xFE, 0x03, 0xFF, 0x83, 0xFF, 0xC1, 0xFF, 0xF1, 0xF8, 0xF8, 0xF8, 0x7C, 0x7C, 0x1E, 0x7E, 0x04,
  0x3E, 0x00, 0x1F, 0x00, 0x0F, 0xBF, 0xEF, 0xBF, 0xFF, 0xDF, 0xFF, 0xE7, 0xFD, 0xF1, 0xFE, 0xF8,
  0x7F, 0x7C, 0x7F, 0xBF, 0x7F, 0xDF, 0xFF, 0xE7, 0xFF, 0xF1, 0xFF, 0xF0, 0x7F, 0x38, 0x1E, 0x00,
  0x00, 0x0C, 0xF0, 0x1E, 0xF8, 0x3E, 0xF8, 0x3E, 0xF8, 0x3E, 0xF8, 0x3E, 0xF8, 0x1F, 0xF8, 0x1F,
  0xF8, 0x1F, 0xF8, 0x1F, 0xFF, 0xFF, 0xFF, 0xFF, 0xFF, 0xFF, 0xFF, 0xFF, 0xFF, 0xFF, 0xF8, 0x1F,
  0xF8, 0x1F, 0xF8, 0x1F, 0xF8, 0x1F, 0xF8, 0x1F, 0xF8, 0x1F, 0xF8, 0x1F, 0xF0, 0x1F, 0x60, 0x06,
  0x00, 0x00, 0x7F, 0xF9, 0xFF, 0xE7, 0xFF, 0x9F, 0xFE, 0x1F, 0xF0, 0x1F, 0x00, 0x7C, 0x01, 0xF0,
  0x07, 0xC0, 0x1F, 0x00, 0x7C, 0x01, 0xE0, 0x07, 0x80, 0x3E, 0x00, 0xF8, 0x03, 0xE0, 0x0F, 0x80,
  0x3E, 0x03, 0xFE, 0x1F, 0xFC, 0x7F, 0xF9, 0xFF, 0xC7, 0xFF, 0x00, 0x3F, 0xFE, 0x7F, 0xFF, 0x7F,
  0xFF, 0x7F, 0xFE, 0x3F, 0xFE, 0x00, 0x3E, 0x00, 0x3E, 0x00, 0x3E, 0x00, 0x3E, 0x00, 0x3E, 0x30,
  0x3E, 0xF8, 0x3E, 0xF8, 0x3E, 0xF8, 0x3E, 0xF8, 0x3E, 0xF8, 0x3E, 0xF8, 0x3E, 0xFC, 0x3E, 0x7F,
  0xFE, 0x7F, 0xFC, 0x3F, 0xF8, 0x1F, 0xF0, 0x07, 0xE0, 0x60, 0x0E, 0x1E, 0x03, 0xE3, 0xE0, 0xFC,
  0x7C, 0x3F, 0x0F, 0x8F, 0xE1, 0xF3, 0xF8, 0x3E, 0xFE, 0x07, 0xFF, 0x80, 0xFF, 0xE0, 0x1F, 0xF8,
  0x03, 0xFE, 0x00, 0x7F, 0x80, 0x0F, 0xE0, 0x01, 0xFE, 0x00, 0x3F, 0xE0, 0x07, 0xFE, 0x00, 0xFF,
  0xE0, 0x1F, 0xFE, 0x03, 0xEF, 0xF0, 0x7C, 0xFF, 0xCF, 0x8F, 0xFD, 0xF0, 0xFF, 0xBE, 0x07, 0xF3,
  0x80, 0x3C, 0x00, 0x00, 0x1C, 0x00, 0x0F, 0x00, 0x0F, 0x80, 0x07, 0xC0, 0x03, 0xE0, 0x01, 0xF0,
  0x00, 0xF8, 0x00, 0x7C, 0x00, 0x3E, 0x00, 0x1F, 0x00, 0x0F, 0x00, 0x0F, 0x80, 0x07, 0xC0, 0x03,
  0xE0, 0x01, 0xF0, 0x00, 0xF8, 0x00, 0x3C, 0x00, 0x1F, 0x00, 0x0F, 0x80, 0xE7, 0xE1, 0xF9, 0xFF,
  0xFC, 0xFF, 0xFE, 0x3F, 0xFE, 0x0F, 0xFC, 0x03, 0xF8, 0x00, 0x00, 0x00, 0x00, 0x00, 0x70, 0x0F,
  0x00, 0x1F, 0x01, 0xF0, 0x03, 0xE0, 0x7E, 0x00, 0xFE, 0x0F, 0xE0, 0x1F, 0xC3, 0xFC, 0x03, 0xF8,
  0x7F, 0x80, 0x7F, 0x0F, 0xF0, 0x1F, 0xF1, 0xFF, 0x03, 0xFE, 0x7F, 0xE0, 0x7F, 0xCF, 0xFC, 0x0F,
  0xF9, 0xFF, 0x81, 0xFF, 0xBE, 0xF8, 0x7D, 0xFF, 0x9F, 0x0F, 0xBF, 0xF3, 0xE1, 0xF7, 0xFE, 0x7E,
  0x3E, 0x7F, 0xC7, 0xCF, 0x8F, 0xF0, 0xF9, 0xF1, 0xFE, 0x1F, 0x3E, 0x3F, 0xC3, 0xE7, 0xC3, 0xF0,
  0x3E, 0xF8, 0x7E, 0x07, 0xDE, 0x07, 0x80, 0xF3, 0xC0, 0x00, 0x0E, 0x00, 0x00, 0x00, 0x00, 0x00,
  0x00, 0x78, 0x03, 0xBE, 0x03, 0xFF, 0x81, 0xFF, 0xE0, 0xFF, 0xF0, 0x7F, 0xFC, 0x3F, 0xFE, 0x1F,
  0xFF, 0x8F, 0xFF, 0xC7, 0xFF, 0xF3, 0xFF, 0xF9, 0xFF, 0xFE, 0xFF, 0xDF, 0x7F, 0xEF, 0xFF, 0xF3,
  0xFF, 0xF9, 0xFF, 0xFC, 0x7F, 0xFE, 0x1F, 0xFF, 0x0F, 0xFF, 0x83, 0xFF, 0xC1, 0xFF, 0xE0, 0x7E,
  0xE0, 0x1E, 0x07, 0xF8, 0x03, 0xFF, 0x01, 0xFF, 0xE0, 0xFF, 0xFC, 0x3F, 0xFF, 0x9F, 0xC7, 0xE7,
  0xC0, 0xF9, 0xF0, 0x3E, 0xFC, 0x0F, 0xBE, 0x03, 0xEF, 0x80, 0xFB, 0xE0, 0x3E, 0xF8, 0x0F, 0xBE,
  0x03, 0xEF, 0x81, 0xF3, 0xE0, 0x7C, 0xFC, 0x3F, 0x1F, 0xBF, 0x87, 0xFF, 0xE0, 0xFF, 0xF0, 0x1F,
  0xF8, 0x03, 0xFC, 0x00, 0x38, 0x00, 0x3F, 0xF8, 0x1F, 0xFF, 0x8F, 0xFF, 0xF3, 0xFF, 0xFC, 0x7F,
  0xFF, 0x83, 0xE3, 0xE0, 0xF8, 0xFC, 0x3E, 0x1F, 0x0F, 0x8F, 0xC3, 0xE3, 0xE0, 0xF9, 0xF8, 0x3F,
  0xFE, 0x0F, 0xFF, 0x03, 0xFF, 0x80, 0xFF, 0xC0, 0x3F, 0xE0, 0x0F, 0xC0, 0x03, 0xE0, 0x00, 0xF8,
  0x00, 0x3E, 0x00, 0x0F, 0x80, 0x03, 0xE0, 0x00, 0xF8, 0x00, 0x1C, 0x00, 0x01, 0xF8, 0x00, 0xFF,
  0x80, 0x3F, 0xF8, 0x07, 0xFF, 0x81, 0xFF, 0xF8, 0x7E, 0x3F, 0x0F, 0xC3, 0xF1, 0xF0, 0x3E, 0x7E,
  0x07, 0xCF, 0x80, 0xF9, 0xF0, 0x1F, 0x3E, 0x03, 0xE7, 0xCF, 0x7C, 0xF9, 0xEF, 0x9F, 0x3F, 0xF3,
  0xF7, 0xFE, 0x3E, 0xFF, 0xC7, 0xCF, 0xF0, 0xFE, 0xFE, 0x0F, 0xFF, 0x81, 0xFF, 0xF8, 0x1F, 0xFF,
  0x00, 0xFF, 0xF0, 0x06, 0x3E, 0x00, 0x07, 0xE0, 0x00, 0x7C, 0x00, 0x07, 0x00, 0x00, 0x00, 0x00,
  0x00, 0x03, 0xFF, 0xE0, 0x7F, 0xFF, 0x07, 0xFF, 0xF0, 0x7F, 0xFF, 0x83, 0xF9, 0xF8, 0x1F, 0x0F,
  0x81, 0xF0, 0xF8, 0x1F, 0x0F, 0x81, 0xF1, 0xF8, 0x1F, 0xFF, 0x01, 0xFF, 0xF0, 0x1F, 0xFE, 0x01,
  0xFF, 0xC0, 0x1F, 0xF0, 0x01, 0xFF, 0x80, 0x1F, 0xFC, 0x01, 0xFF, 0xF0, 0x1F, 0x7F, 0x81, 0xF3,
  0xFE, 0x1F, 0x1F, 0xE1, 0xF0, 0x7F, 0x1F, 0x03, 0xE0, 0xE0, 0x0C, 0x00, 0x00, 0x00, 0x07, 0x00,
  0x7F, 0x83, 0xFF, 0x1F, 0xFE, 0x7F, 0xF9, 0xF3, 0xE7, 0xCF, 0x9F, 0x1C, 0x7E, 0x01, 0xFE, 0x03,
  0xFC, 0x07, 0xF8, 0x0F, 0xF0, 0x0F, 0xE3, 0x1F, 0x9E, 0x3E, 0xF8, 0xFF, 0xE1, 0xFF, 0x87, 0xFF,
  0x3E, 0x7F, 0xF9, 0xFF, 0xE3, 0xFF, 0x07, 0xF8, 0x07, 0x00, 0x3F, 0xFF, 0xCF, 0xFF, 0xF9, 0xFF,
  0xFF, 0xBF, 0xFF, 0xE3, 0xFF, 0xF8, 0x03, 0xE0, 0x00, 0x7C, 0x00, 0x0F, 0x80, 0x01, 0xF0, 0x00,
  0x3E, 0x00, 0x07, 0xC0, 0x00, 0xF8, 0x00, 0x1F, 0x00, 0x03, 0xE0, 0x00, 0x7C, 0x00, 0x0F, 0x80,
  0x01, 0xF0, 0x00, 0x3E, 0x00, 0x07, 0xC0, 0x00, 0xF8, 0x00, 0x1F, 0x00, 0x03, 0xE0, 0x00, 0x38,
  0x00, 0x30, 0x06, 0x3C, 0x07, 0x9F, 0x07, 0xCF, 0x83, 0xE7, 0x80, 0xFF, 0xC0, 0x7F, 0xE0, 0x3F,
  0xF0, 0x1F, 0xF8, 0x0F, 0xFC, 0x07, 0xFE, 0x03, 0xFF, 0x01, 0xFF, 0x80, 0xFF, 0xC0, 0x7D, 0xF0,
  0x3E, 0xF8, 0x3E, 0x7E, 0x1F, 0x3F, 0x9F, 0x8F, 0xFF, 0xC3, 0xFF, 0xC1, 0xFF, 0xC0, 0x3F, 0xE0,
  0x07, 0xC0, 0x00, 0x00, 0x70, 0x0E, 0xF8, 0x1F, 0xF8, 0x1F, 0xF8, 0x3F, 0xF8, 0x3E, 0xF8, 0x3E,
  0xF8, 0x3E, 0xF8, 0x3E, 0x7C, 0x7C, 0x7C, 0x7C, 0x7C, 0x7C, 0x7C, 0xFC, 0x3E, 0xF8, 0x3E, 0xF8,
  0x3F, 0xF8, 0x3F, 0xF0, 0x1F, 0xF0, 0x1F, 0xE0, 0x1F, 0xE0, 0x0F, 0xE0, 0x0F, 0xC0, 0x07, 0x80,
  0x03, 0x00, 0x00, 0x18, 0x00, 0x78, 0x1E, 0x03, 0xBE, 0x0F, 0x81, 0xFF, 0x07, 0xC1, 0xFF, 0x87,
  0xC0, 0xFF, 0xC3, 0xE0, 0x7F, 0xE1, 0xF0, 0x3F, 0xF0, 0xF8, 0x1F, 0x7C, 0x7C, 0x1F, 0xBE, 0x7E,
  0x0F, 0x9F, 0x3F, 0x07, 0xCF, 0x9F, 0x83, 0xE7, 0xCF, 0xE1, 0xF3, 0xEF, 0xF1, 0xF1, 0xFF, 0xF8,
  0xF8, 0x7F, 0xFC, 0x7C, 0x3F, 0xFE, 0x7E, 0x1F, 0xFF, 0xBE, 0x0F, 0xFF, 0xFF, 0x03, 0xFF, 0xFF,
  0x01, 0xFC, 0xFF, 0x80, 0xFE, 0x7F, 0x80, 0x3E, 0x1F, 0xC0, 0x0F, 0x07, 0x80, 0x00, 0x00, 0x00,
  0x00, 0x00, 0x06, 0x18, 0x07, 0x9E, 0x07, 0xEF, 0x83, 0xF7, 0xE3, 0xF3, 0xF1, 0xF0, 0xFD, 0xF8,
  0x3F, 0xF8, 0x1F, 0xF8, 0x07, 0xFC, 0x03, 0xFC, 0x00, 0xFE, 0x00, 0x7E, 0x00, 0x3F, 0x00, 0x3F,
  0xC0, 0x3F, 0xE0, 0x1F, 0xF8, 0x1F, 0xFE, 0x1F, 0xBF, 0x0F, 0xCF, 0xCF, 0xC3, 0xF7, 0xC0, 0xFF,
  0xE0, 0x7D, 0xE0, 0x1E, 0x60, 0x00, 0x00, 0x00, 0x00, 0x00, 0x00, 0x71, 0xC0, 0x1F, 0x7C, 0x07,
  0xEF, 0xC0, 0xFC, 0xF8, 0x3F, 0x1F, 0x8F, 0xC1, 0xF9, 0xF8, 0x3F, 0x7E, 0x03, 0xFF, 0x80, 0x3F,
  0xF0, 0x03, 0xFC, 0x00, 0x7F, 0x00, 0x07, 0xE0, 0x00, 0xFC, 0x00, 0x1F, 0x00, 0x07, 0xE0, 0x00,
  0xF8, 0x00, 0x1F, 0x00, 0x07, 0xE0, 0x00, 0xF8, 0x00, 0x1F, 0x00, 0x03, 0xE0, 0x00, 0x78, 0x00,
  0x07, 0x00, 0x00, 0x00, 0xF8, 0x3F, 0xFC, 0x7F, 0xFE, 0x7F, 0xFE, 0x3F, 0xFC, 0x1E, 0xFC, 0x01,
  0xF8, 0x01, 0xF8, 0x03, 0xF0, 0x07, 0xE0, 0x07, 0xE0, 0x0F, 0xC0, 0x0F, 0x80, 0x1F, 0x80, 0x3F,
  0x00, 0x3F, 0x00, 0x7E, 0x00, 0x7C, 0x00, 0xFC, 0x00, 0xF8, 0x00, 0xFF, 0xFE, 0xFF, 0xFE, 0xFF,
  0xFF, 0x7F, 0xFE, 0x3F, 0xF8, 0x7E, 0x7F, 0xBF, 0xDF, 0xEF, 0xE7, 0xC3, 0xE1, 0xF0, 0xF8, 0x7C,
  0x3E, 0x1F, 0x0F, 0x87, 0xC3, 0xE1, 0xF0, 0xF8, 0x7C, 0x3E, 0x1F, 0x0F, 0x87, 0xC3, 0xF9, 0xFE,
  0xFF, 0xFF, 0xDF, 0xC0, 0x60, 0x07, 0x80, 0x3E, 0x01, 0xF0, 0x0F, 0x80, 0x3E, 0x01, 0xF0, 0x0F,
  0xC0, 0x3E, 0x01, 0xF0, 0x0F, 0xC0, 0x3E, 0x01, 0xF0, 0x0F, 0xC0, 0x3E, 0x01, 0xF0, 0x0F, 0xC0,
  0x3E, 0x01, 0xF0, 0x0F, 0xC0, 0x3E, 0x01, 0xF0, 0x07, 0xC0, 0x3E, 0x01, 0xF8, 0x07, 0xC0, 0x1C,
  0x00, 0x00, 0x7E, 0x7F, 0xBF, 0xFF, 0xF7, 0xF8, 0x7C, 0x3E, 0x1F, 0x0F, 0x87, 0xC3, 0xE1, 0xF0,
  0xF8, 0x7C, 0x3E, 0x1F, 0x0F, 0x87, 0xC3, 0xE1, 0xF0, 0xF8, 0x7C, 0xFE, 0xFF, 0x7F, 0xBF, 0xDF,
  0xC0, 0x04, 0x01, 0xF0, 0x1F, 0x83, 0xF8, 0x3F, 0xC7, 0xFC, 0x7F, 0xEF, 0xFE, 0xFB, 0xFF, 0x9F,
  0xF1, 0xE0, 0x0C, 0x3F, 0xFF, 0xE7, 0xFF, 0xFF, 0x7F, 0xFF, 0xF7, 0xFF, 0xFE, 0x1F, 0xFF, 0xC0,
  0x00, 0x07, 0xF0, 0x1F, 0xF0, 0x7F, 0xF1, 0xFF, 0xF7, 0xFF, 0xEF, 0xCF, 0xFF, 0x1F, 0xFC, 0x7F,
  0xF8, 0xFF, 0xF3, 0xFF, 0xEF, 0xFF, 0xFF, 0xFF, 0xFF, 0xFF, 0xFF, 0xDF, 0xEF, 0x9F, 0x0F, 0x38,
  0x00, 0xF8, 0x01, 0xF0, 0x03, 0xE0, 0x07, 0xC0, 0x0F, 0x80, 0x1F, 0x00, 0x3E, 0xF8, 0x7F, 0xF8,
  0xFF, 0xF9, 0xFF, 0xF3, 0xFF, 0xE7, 0xF3, 0xFF, 0xE7, 0xFF, 0x8F, 0xFF, 0x1F, 0xFE, 0x3F, 0xFC,
  0xF9, 0xF1, 0xF3, 0xF7, 0xE7, 0xFF, 0x8F, 0xFF, 0x1F, 0xFC, 0x0F, 0xF0, 0x03, 0x80, 0x00, 0x00,
  0x7E, 0x0F, 0xE1, 0xFF, 0x3F, 0xF3, 0xFF, 0x7E, 0xE7, 0xC0, 0x7C, 0x07, 0xC6, 0x7C, 0xF7, 0xDF,
  0x7D, 0xF7, 0xFF, 0x3F, 0xF3, 0xFE, 0x1F, 0xC0, 0x70, 0x00, 0x00, 0x00, 0x30, 0x01, 0xF0, 0x03,
  0xE0, 0x07, 0xC0, 0x0F, 0x80, 0x1F, 0x03, 0xFE, 0x0F, 0xFC, 0x3F, 0xF8, 0xFF, 0xF3, 0xFF, 0xE7,
  0xEF, 0xDF, 0x9F, 0xBE, 0x7F, 0x7C, 0xFE, 0xFB, 0xFD, 0xF7, 0xFB, 0xFF, 0xF7, 0xFF, 0xEF, 0xFF,
  0xCF, 0xF7, 0xDF, 0xCF, 0x9F, 0x1E, 0x00, 0x18, 0x07, 0xC0, 0x1F, 0xE0, 0x7F, 0xE1, 0xFF, 0xC3,
  0xFF, 0x8F, 0xFF, 0x1F, 0xFE, 0x3F, 0xF8, 0x7F, 0xF0, 0xFF, 0x91, 0xF0, 0xFB, 0xF3, 0xF7, 0xFF,
  0xE7, 0xFF, 0x87, 0xFF, 0x07, 0xF8, 0x03, 0xC0, 0x00, 0xF8, 0x07, 0xF8, 0x1F, 0xF8, 0x3F, 0xF0,
  0xFF, 0xE1, 0xF3, 0x83, 0xE0, 0x0F, 0x80, 0x7F, 0xF9, 0xFF, 0xF3, 0xFF, 0xE3, 0xFF, 0xC1, 0xFF,
  0x03, 0xE0, 0x07, 0xC0, 0x0F, 0x80, 0x1F, 0x00, 0x3E, 0x00, 0x7C, 0x00, 0xF8, 0x01, 0xF0, 0x03,
  0xE0, 0x03, 0xC0, 0x07, 0x00, 0x00, 0x00, 0x01, 0xF0, 0x0F, 0xF8, 0x3F, 0xF0, 0xFF, 0xF3, 0xFF,
  0xEF, 0xE7, 0xDF, 0x9F, 0xFE, 0x3F, 0xF8, 0xFF, 0xF1, 0xFF, 0xE7, 0xFF, 0xDF, 0xFF, 0xFF, 0xFF,
  0xFF, 0xFF, 0xFF, 0xBF, 0xDF, 0x7F, 0x3E, 0x10, 0x7C, 0x01, 0xF0, 0x03, 0xEF, 0x0F, 0xDF, 0xFF,
  0xBF, 0xFE, 0x7F, 0xF8, 0x7F, 0xE0, 0x3F, 0x80, 0x00, 0x00, 0x38, 0x00, 0x7C, 0x00, 0x7C, 0x00,
  0x7C, 0x00, 0x7C, 0x00, 0x7C, 0x00, 0x7C, 0x00, 0x7C, 0xF0, 0x7F, 0xF8, 0x7F, 0xFC, 0x7F, 0xFC,
  0x7F, 0xFE, 0x7F, 0xBE, 0x7F, 0xBE, 0x7F, 0x3E, 0x7F, 0x3E, 0xFE, 0x3E, 0xFE, 0x1F, 0xFC, 0x1F,
  0xFC, 0x1F, 0xFC, 0x1F, 0x7C, 0x1F, 0x78, 0x0E, 0x00, 0x00, 0x7B, 0xEF, 0xBE, 0x78, 0xC0, 0x00,
  0x79, 0xE7, 0xDF, 0x7D, 0xF7, 0xDF, 0x7D, 0xF7, 0xDF, 0x7D, 0xF7, 0x8C, 0x00, 0x00, 0x38, 0x01,
  0xF0, 0x07, 0xC0, 0x1E, 0x00, 0x78, 0x00, 0x00, 0x00, 0x00, 0x0C, 0x00, 0x78, 0x01, 0xF0, 0x07,
  0xC0, 0x1F, 0x00, 0x7C, 0x01, 0xF0, 0x07, 0xC0, 0x1F, 0x00, 0x7C, 0x01, 0xF0, 0x07, 0xC0, 0x1F,
  0x00, 0x7C, 0x01, 0xF0, 0x07, 0xC0, 0x3E, 0x00, 0xF8, 0x83, 0xE7, 0xFF, 0xBF, 0xFC, 0xFF, 0xE1,
  0xFF, 0x83, 0xF8, 0x00, 0xF0, 0x00, 0xF8, 0x00, 0xF8, 0x00, 0xF8, 0x00, 0xF8, 0x00, 0xF8, 0x00,
  0xF8, 0x00, 0xF8, 0xF0, 0xF8, 0xF8, 0xFB, 0xF8, 0xFF, 0xF0, 0xFF, 0xE0, 0xFF, 0xC0, 0xFF, 0x80,
  0xFF, 0x00, 0xFF, 0x80, 0xFF, 0xC0, 0xFF, 0xE0, 0xFF, 0xFC, 0xFB, 0xFE, 0xF9, 0xFE, 0xF0, 0x7E,
  0x70, 0x3E, 0xF7, 0xBF, 0xFF, 0xFF, 0xFF, 0xFF, 0xFF, 0xFF, 0xFF, 0xFF, 0xFF, 0xFF, 0xFF, 0xFF,
  0xC0, 0x70, 0x00, 0x03, 0xE1, 0x01, 0x0F, 0xBF, 0x3F, 0x3F, 0xFF, 0xFE, 0xFF, 0xFF, 0xFB, 0xFF,
  0xFF, 0xFF, 0xFF, 0xFF, 0xFF, 0xFF, 0xDF, 0xFE, 0x7F, 0x7F, 0xF9, 0xF9, 0xFF, 0xE7, 0xE7, 0xFF,
  0x1F, 0x1F, 0xFC, 0x7C, 0x7F, 0xF1, 0xF1, 0xFF, 0x87, 0xC7, 0xDE, 0x1F, 0x0F, 0x20, 0x78, 0x3C,
  0x00, 0x00, 0x00, 0x20, 0x00, 0xF0, 0x03, 0xE7, 0xE7, 0xDF, 0xCF, 0xFF, 0xDF, 0xFF, 0xBF, 0xFF,
  0x7F, 0xDF, 0xFF, 0x3F, 0xFE, 0x7F, 0xF8, 0xFF, 0xF1, 0xFF, 0xC3, 0xFF, 0x87, 0xFF, 0x0F, 0xFC,
  0x1F, 0xF8, 0x3E, 0xF0, 0x38, 0x00, 0x00, 0x07, 0x80, 0x7F, 0x03, 0xFE, 0x1F, 0xFC, 0x7F, 0xFB,
  0xFF, 0xEF, 0x9F, 0xBE, 0x3F, 0xF8, 0x7F, 0xE1, 0xFF, 0x8F, 0xBE, 0x3E, 0xFF, 0xFB, 0xFF, 0xC7,
  0xFF, 0x0F, 0xF8, 0x1F, 0x80, 0x00, 0x00, 0x20, 0x00, 0xF1, 0xE3, 0xEF, 0xE7, 0xFF, 0xEF, 0xFF,
  0xFF, 0xFF, 0xFF, 0xEF, 0xFF, 0x9F, 0xFE, 0x3F, 0xFC, 0x7F, 0xF0, 0xFF, 0xE1, 0xFF, 0xC3, 0xFF,
  0x8F, 0xFF, 0xFF, 0x7F, 0xFE, 0xFF, 0xF9, 0xFF, 0xE3, 0xFF, 0x07, 0xC0, 0x0F, 0x80, 0x1F, 0x00,
  0x3E, 0x00, 0x3C, 0x00, 0x00, 0x00, 0x01, 0xF0, 0x0F, 0xF0, 0x3F, 0xF0, 0xFF, 0xF1, 0xFF, 0xE7,
  0xE7, 0xCF, 0x8F, 0xBF, 0x3F, 0x7C, 0x7E, 0xF8, 0xFD, 0xF3, 0xFB, 0xEF, 0xF7, 0xFF, 0xEF, 0xFF,
  0xDF, 0xFF, 0x9F, 0xFF, 0x1F, 0xBE, 0x1C, 0x7C, 0x00, 0xF8, 0x01, 0xF0, 0x03, 0xE0, 0x07, 0x80,
  0x0F, 0x00, 0x0C, 0x00, 0x00, 0x70, 0x03, 0xE7, 0x0F, 0xFF, 0x3F, 0xFC, 0xFF, 0xFB, 0xFF, 0xEF,
  0xFF, 0xBF, 0x9E, 0xFC, 0x33, 0xF0, 0x0F, 0xC0, 0x3F, 0x00, 0xF8, 0x03, 0xE0, 0x0F, 0x80, 0x1E,
  0x00, 0x30, 0x00, 0x00, 0x00, 0x1F, 0xE0, 0xFF, 0xC7, 0xFF, 0x9F, 0xFE, 0xFF, 0xFB, 0xF1, 0xC7,
  0xF8, 0x1F, 0xF8, 0x3F, 0xF0, 0x7F, 0xC0, 0x3F, 0xBC, 0x3E, 0xF8, 0xFB, 0xFF, 0xEF, 0xFF, 0x1F,
  0xFC, 0x3F, 0xE0, 0x7E, 0x00, 0x0F, 0x00, 0xF8, 0x07, 0xC0, 0x7F, 0x87, 0xFE, 0x7F, 0xF9, 0xFF,
  0xCF, 0xFC, 0x1F, 0x00, 0xF8, 0x07, 0xC0, 0x3E, 0x01, 0xF0, 0x0F, 0x90, 0x7D, 0xE3, 0xFF, 0x1F,
  0xF8, 0xFF, 0xC3, 0xFC, 0x0F, 0xE0, 0x3C, 0x00, 0x00, 0x00, 0x01, 0xC1, 0xCF, 0x87, 0xBE, 0x3E,
  0xF8, 0xFB, 0xE3, 0xEF, 0x8F, 0xBE, 0x3E, 0xF8, 0xFB, 0xE7, 0xEF, 0x9F, 0xBE, 0xFE, 0xFF, 0xFD,
  0xFF, 0xF7, 0xFF, 0xCF, 0xFF, 0x1E, 0x38, 0x00, 0x03, 0xC0, 0xEF, 0x07, 0xFE, 0x1F, 0xF8, 0x7F,
  0xE3, 0xEF, 0x8F, 0xBE, 0x3E, 0x7D, 0xF9, 0xF7, 0xC7, 0xDF, 0x1F, 0xFC, 0x3F, 0xE0, 0xFF, 0x81,
  0xFC, 0x07, 0xE0, 0x07, 0x00, 0x00, 0x00, 0x0F, 0x0E, 0x0E, 0xF9, 0xF1, 0xFF, 0x9F, 0x1F, 0xF9,
  0xF1, 0xFF, 0xBF, 0xBE, 0xFB, 0xFB, 0xEF, 0xBF, 0xBE, 0xFB, 0xFB, 0xE7, 0xFF, 0xFC, 0x7F, 0xFF,
  0xC7, 0xFF, 0xFC, 0x7F, 0xFF, 0xC7, 0xFF, 0xF8, 0x7F, 0xFF, 0x83, 0xF3, 0xF0, 0x1E, 0x1E, 0x00,
  0x00, 0x00, 0x00, 0x00, 0xF0, 0xF1, 0xF3, 0xE3, 0xFF, 0xC3, 0xFF, 0x87, 0xFE, 0x07, 0xF8, 0x0F,
  0xE0, 0x0F, 0xC0, 0x3F, 0x80, 0x7F, 0x81, 0xFF, 0x83, 0xFF, 0x8F, 0xFF, 0x9F, 0x3F, 0x3E, 0x3E,
  0x78, 0x3C, 0x60, 0x00, 0x00, 0x00, 0x60, 0x01, 0xF0, 0x73, 0xE1, 0xF7, 0xC3, 0xEF, 0x87, 0xDF,
  0x0F, 0xBE, 0x1F, 0x7C, 0x7E, 0xF8, 0xFD, 0xF1, 0xFB, 0xE7, 0xF3, 0xFF, 0xE7, 0xFF, 0xCF, 0xFF,
  0x8F, 0xFF, 0x0F, 0xFE, 0x06, 0x7C, 0x00, 0xF8, 0x03, 0xF7, 0x87, 0xCF, 0xFF, 0x9F, 0xFF, 0x3F,
  0xFC, 0x3F, 0xF0, 0x1F, 0x80, 0x1F, 0xC0, 0x7F, 0xE1, 0xFF, 0xE1, 0xFF, 0xC3, 0xFF, 0x80, 0x3F,
  0x00, 0xFE, 0x03, 0xF8, 0x0F, 0xE0, 0x3F, 0x80, 0xFE, 0x01, 0xF8, 0x07, 0xE1, 0x0F, 0xFF, 0x9F,
  0xFF, 0x3F, 0xFE, 0x3F, 0xFC, 0x1F, 0x80, 0x00, 0x70, 0x03, 0xF8, 0x0F, 0xF0, 0x3F, 0xE0, 0x7F,
  0xC0, 0xF8, 0x01, 0xF0, 0x07, 0xC0, 0x0F, 0x80, 0x1F, 0x00, 0x3E, 0x01, 0xFC, 0x07, 0xF0, 0x0F,
  0xE0, 0x1F, 0xC0, 0x1F, 0xC0, 0x0F, 0x80, 0x1F, 0x00, 0x3E, 0x00, 0x7C, 0x00, 0xF8, 0x01, 0xF0,
  0x01, 0xFE, 0x03, 0xFE, 0x07, 0xFC, 0x07, 0xF8, 0x03, 0xE0, 0x00, 0x00, 0x77, 0xFF, 0xFF, 0xFF,
  0xFF, 0xFF, 0xFF, 0xFF, 0xFF, 0xFF, 0xFF, 0xFF, 0xFF, 0xFF, 0xFF, 0xFF, 0xFF, 0xFF, 0xFF, 0xFF,
  0x70, 0x00, 0x3E, 0x00, 0xFF, 0x01, 0xFE, 0x03, 0xFE, 0x03, 0xFC, 0x00, 0xFC, 0x00, 0xF8, 0x01,
  0xF0, 0x03, 0xE0, 0x07, 0xC0, 0x0F, 0x80, 0x1F, 0xC0, 0x1F, 0xC0, 0x3F, 0x80, 0x7F, 0x01, 0xFC,
  0x03, 0xF0, 0x07, 0xC0, 0x0F, 0x80, 0x1F, 0x00, 0x7E, 0x00, 0xF8, 0x0F, 0xF0, 0x3F, 0xE0, 0x7F,
  0x80, 0xFE, 0x00, 0xF8, 0x00, 0x00, 0x07, 0x0F, 0x03, 0xCF, 0xF3, 0xEF, 0xFF, 0xFF, 0xFF, 0xFF,
  0xFF, 0xFF, 0xE7, 0xFD, 0xF0, 0xFC, 0x70, 0x00, 0x00, 0x39, 0xF7, 0xDF, 0x78, 0x40, 0x0C, 0x00,
  0x03, 0x00, 0x01, 0x80, 0x00, 0xC0, 0x00, 0x30, 0x00, 0x00, 0x00, 0x00, 0x00, 0x00, 0x01, 0xF0,
  0x03, 0xF8, 0x07, 0xFC, 0x0F, 0xFC, 0x0F, 0xFC, 0x1F, 0xBE, 0x1F, 0x3E, 0x3F, 0x3E, 0x3E, 0x3E,
  0x3E, 0x3E, 0x7E, 0x3E, 0x7F, 0xFE, 0x7F, 0xFE, 0x7F, 0xFE, 0x7F, 0xFF, 0xFF, 0xFF, 0xF8, 0x1F,
  0xF8, 0x1F, 0xF8, 0x1F, 0xF8, 0x1F, 0xF8, 0x1F, 0xF0, 0x1F, 0x60, 0x0E, 0x00, 0x30, 0x00, 0xC0,
  0x01, 0x80, 0x03, 0x00, 0x0C, 0x00, 0x00, 0x00, 0x00, 0x00, 0x00, 0x00, 0x01, 0xF0, 0x03, 0xF8,
  0x07, 0xFC, 0x0F, 0xFC, 0x0F, 0xFC, 0x1F, 0xBE, 0x1F, 0x3E, 0x3F, 0x3E, 0x3E, 0x3E, 0x3E, 0x3E,
  0x7E, 0x3E, 0x7F, 0xFE, 0x7F, 0xFE, 0x7F, 0xFE, 0x7F, 0xFF, 0xFF, 0xFF, 0xF8, 0x1F, 0xF8, 0x1F,
  0xF8, 0x1F, 0xF8, 0x1F, 0xF8, 0x1F, 0xF0, 0x1F, 0x60, 0x0E, 0x03, 0xC0, 0x1F, 0xE0, 0x7F, 0xE0,
  0xFF, 0xE3, 0xFF, 0xE7, 0xCF, 0xDF, 0x8F, 0xBE, 0x1F, 0x7C, 0x3F, 0xF8, 0x3F, 0xE0, 0x07, 0xC0,
  0x0F, 0x80, 0x1F, 0x01, 0xBE, 0x07, 0xFC, 0x1F, 0xF8, 0x3F, 0xF8, 0x7D, 0xF8, 0xFB, 0xFF, 0xF3,
  0xFF, 0xC3, 0xFF, 0x83, 0xFE, 0x01, 0xE0, 0x00, 0xC0, 0x06, 0x00, 0x30, 0x01, 0x80, 0x00, 0x0C,
  0x00, 0x03, 0x00, 0x01, 0x80, 0x00, 0xC0, 0x00, 0x30, 0x00, 0x00, 0x00, 0x00, 0x7F, 0xF8, 0xFF,
  0xFC, 0xFF, 0xFC, 0xFF, 0xF8, 0x7F, 0xF0, 0x7C, 0x00, 0x7C, 0x00, 0x7C, 0x00, 0x7C, 0x00, 0x7F,
  0xF0, 0x7F, 0xF8, 0x7F, 0xF8, 0x7F, 0xF0, 0x7F, 0xE0, 0x7C, 0x00, 0x7C, 0x00, 0x7C, 0x00, 0x3E,
  0x08, 0x3F, 0xFE, 0x3F, 0xFE, 0x1F, 0xFE, 0x1F, 0xFE, 0x07, 0xF8, 0x00, 0x00, 0x00, 0x30, 0x00,
  0xC0, 0x01, 0x80, 0x03, 0x00, 0x0C, 0x00, 0x00, 0x00, 0x00, 0x00, 0x7F, 0xF8, 0xFF, 0xFC, 0xFF,
  0xFC, 0xFF, 0xF8, 0x7F, 0xF0, 0x7C, 0x00, 0x7C, 0x00, 0x7C, 0x00, 0x7C, 0x00, 0x7F, 0xF0, 0x7F,
  0xF8, 0x7F, 0xF8, 0x7F, 0xF0, 0x7F, 0xE0, 0x7C, 0x00, 0x7C, 0x00, 0x7C, 0x00, 0x3E, 0x08, 0x3F,
  0xFE, 0x3F, 0xFE, 0x1F, 0xFE, 0x1F, 0xFE, 0x07, 0xF8, 0x00, 0x00, 0x00, 0x60, 0x03, 0x00, 0x30,
  0x03, 0x00, 0x18, 0x00, 0x00, 0x00, 0x00, 0x1F, 0xFE, 0x7F, 0xF9, 0xFF, 0xE7, 0xFF, 0x87, 0xFC,
  0x07, 0xC0, 0x1F, 0x00, 0x7C, 0x01, 0xF0, 0x07, 0xC0, 0x1F, 0x00, 0x78, 0x01, 0xE0, 0x0F, 0x80,
  0x3E, 0x00, 0xF8, 0x03, 0xE0, 0x0F, 0x80, 0xFF, 0x87, 0xFF, 0x1F, 0xFE, 0x7F, 0xF1, 0xFF, 0xC0,
  0x18, 0x60, 0x61, 0x81, 0x86, 0x06, 0x18, 0x18, 0x60, 0x00, 0x00, 0x00, 0x1F, 0xFE, 0x7F, 0xF9,
  0xFF, 0xE7, 0xFF, 0x87, 0xFC, 0x07, 0xC0, 0x1F, 0x00, 0x7C, 0x01, 0xF0, 0x07, 0xC0, 0x1F, 0x00,
  0x78, 0x01, 0xE0, 0x0F, 0x80, 0x3E, 0x00, 0xF8, 0x03, 0xE0, 0x0F, 0x80, 0xFF, 0x87, 0xFF, 0x1F,
  0xFE, 0x7F, 0xF1, 0xFF, 0xC0, 0x03, 0x00, 0x80, 0x00, 0x06, 0x31, 0x80, 0x00, 0x06, 0x01, 0x80,
  0x00, 0x00, 0x00, 0x00, 0x00, 0x00, 0xF0, 0x07, 0x7C, 0x07, 0xFF, 0x03, 0xFF, 0xC1, 0xFF, 0xE0,
  0xFF, 0xF8, 0x7F, 0xFC, 0x3F, 0xFF, 0x1F, 0xFF, 0x8F, 0xFF, 0xE7, 0xFF, 0xF3, 0xFF, 0xFD, 0xFF,
  0xBE, 0xFF, 0xDF, 0xFF, 0xE7, 0xFF, 0xF3, 0xFF, 0xF8, 0xFF, 0xFC, 0x3F, 0xFE, 0x1F, 0xFF, 0x07,
  0xFF, 0x83, 0xFF, 0xC0, 0xFD, 0xC0, 0x3C, 0x0C, 0x00, 0x00, 0xC0, 0x00, 0x0C, 0x00, 0x01, 0x80,
  0x00, 0x18, 0x00, 0x00, 0x00, 0x00, 0x00, 0x1F, 0xE0, 0x0F, 0xFC, 0x07, 0xFF, 0x83, 0xFF, 0xF0,
  0xFF, 0xFE, 0x7F, 0x1F, 0x9F, 0x03, 0xE7, 0xC0, 0xFB, 0xF0, 0x3E, 0xF8, 0x0F, 0xBE, 0x03, 0xEF,
  0x80, 0xFB, 0xE0, 0x3E, 0xF8, 0x0F, 0xBE, 0x07, 0xCF, 0x81, 0xF3, 0xF0, 0xFC, 0x7E, 0xFE, 0x1F,
  0xFF, 0x83, 0xFF, 0xC0, 0x7F, 0xE0, 0x0F, 0xF0, 0x00, 0xE0, 0x00, 0x00, 0x18, 0x00, 0x18, 0x00,
  0x0C, 0x00, 0x0C, 0x00, 0x0C, 0x00, 0x00, 0x00, 0x00, 0x00, 0x00, 0x1F, 0xE0, 0x0F, 0xFC, 0x07,
  0xFF, 0x83, 0xFF, 0xF0, 0xFF, 0xFE, 0x7F, 0x1F, 0x9F, 0x03, 0xE7, 0xC0, 0xFB, 0xF0, 0x3E, 0xF8,
  0x0F, 0xBE, 0x03, 0xEF, 0x80, 0xFB, 0xE0, 0x3E, 0xF8, 0x0F, 0xBE, 0x07, 0xCF, 0x81, 0xF3, 0xF0,
  0xFC, 0x7E, 0xFE, 0x1F, 0xFF, 0x83, 0xFF, 0xC0, 0x7F, 0xE0, 0x0F, 0xF0, 0x00, 0xE0, 0x00, 0x00,
  0x18, 0x00, 0x30, 0x00, 0x30, 0x00, 0x60, 0x00, 0xC0, 0x00, 0x00, 0x00, 0x00, 0x00, 0x60, 0x0C,
  0x78, 0x0F, 0x3E, 0x0F, 0x9F, 0x07, 0xCF, 0x01, 0xFF, 0x80, 0xFF, 0xC0, 0x7F, 0xE0, 0x3F, 0xF0,
  0x1F, 0xF8, 0x0F, 0xFC, 0x07, 0xFE, 0x03, 0xFF, 0x01, 0xFF, 0x80, 0xFB, 0xE0, 0x7D, 0xF0, 0x7C,
  0xFC, 0x3E, 0x7F, 0x3F, 0x1F, 0xFF, 0x87, 0xFF, 0x83, 0xFF, 0x80, 0x7F, 0xC0, 0x0F, 0x80, 0x0C,
  0x18, 0x06, 0x0C, 0x03, 0x06, 0x01, 0x83, 0x00, 0xC1, 0x80, 0x00, 0x00, 0x00, 0x00, 0x60, 0x0C,
  0x78, 0x0F, 0x3E, 0x0F, 0x9F, 0x07, 0xCF, 0x01, 0xFF, 0x80, 0xFF, 0xC0, 0x7F, 0xE0, 0x3F, 0xF0,
  0x1F, 0xF8, 0x0F, 0xFC, 0x07, 0xFE, 0x03, 0xFF, 0x01, 0xFF, 0x80, 0xFB, 0xE0, 0x7D, 0xF0, 0x7C,
  0xFC, 0x3E, 0x7F, 0x3F, 0x1F, 0xFF, 0x87, 0xFF, 0x83, 0xFF, 0x80, 0x7F, 0xC0, 0x0F, 0x80, 0x18,
  0x00, 0x18, 0x00, 0x0C, 0x00, 0x06, 0x00, 0x06, 0x00, 0x00, 0x00, 0x00, 0x03, 0xF8, 0x0F, 0xF8,
  0x3F, 0xF8, 0xFF, 0xFB, 0xFF, 0xF7, 0xE7, 0xFF, 0x8F, 0xFE, 0x3F, 0xFC, 0x7F, 0xF9, 0xFF, 0xF7,
  0xFF, 0xFF, 0xFF, 0xFF, 0xFF, 0xFF, 0xEF, 0xF7, 0xCF, 0x87, 0x80, 0x00, 0x60, 0x01, 0x80, 0x0C,
  0x00, 0x60, 0x01, 0x80, 0x00, 0x00, 0x00, 0x00, 0x03, 0xF8, 0x0F, 0xF8, 0x3F, 0xF8, 0xFF, 0xFB,
  0xFF, 0xF7, 0xE7, 0xFF, 0x8F, 0xFE, 0x3F, 0xFC, 0x7F, 0xF9, 0xFF, 0xF7, 0xFF, 0xFF, 0xFF, 0xFF,
  0xFF, 0xFF, 0xEF, 0xF7, 0xCF, 0x87, 0x80, 0x00, 0x00, 0x7E, 0x0F, 0xE1, 0xFF, 0x3F, 0xF3, 0xFF,
  0x7E, 0xE7, 0xC0, 0x7C, 0x07, 0xC6, 0x7C, 0xF7, 0xDF, 0x7D, 0xF7, 0xFF, 0x3F, 0xF3, 0xFE, 0x1F,
  0xC0, 0x70, 0x01, 0x80, 0x60, 0x0C, 0x03, 0x00, 0x18, 0x00, 0x18, 0x00, 0x0C, 0x00, 0x06, 0x00,
  0x06, 0x00, 0x00, 0x00, 0x00, 0x03, 0xE0, 0x0F, 0xF0, 0x3F, 0xF0, 0xFF, 0xE1, 0xFF, 0xC7, 0xFF,
  0x8F, 0xFF, 0x1F, 0xFC, 0x3F, 0xF8, 0x7F, 0xC8, 0xF8, 0x7D, 0xF9, 0xFB, 0xFF, 0xF3, 0xFF, 0xC3,
  0xFF, 0x83, 0xFC, 0x01, 0xE0, 0x00, 0x60, 0x01, 0x80, 0x0C, 0x00, 0x60, 0x01, 0x80, 0x00, 0x00,
  0x00, 0x00, 0x03, 0xE0, 0x0F, 0xF0, 0x3F, 0xF0, 0xFF, 0xE1, 0xFF, 0xC7, 0xFF, 0x8F, 0xFF, 0x1F,
  0xFC, 0x3F, 0xF8, 0x7F, 0xC8, 0xF8, 0x7D, 0xF9, 0xFB, 0xFF, 0xF3, 0xFF, 0xC3, 0xFF, 0x83, 0xFC,
  0x01, 0xE0, 0x0C, 0x63, 0x0C, 0x60, 0x00, 0x00, 0x01, 0xE7, 0x9F, 0x7D, 0xF7, 0xDF, 0x7D, 0xF7,
  0xDF, 0x7D, 0xF7, 0xDE, 0x30, 0x00, 0x6D, 0xB6, 0xDB, 0x6C, 0x00, 0x00, 0x01, 0xE7, 0x9F, 0x7D,
  0xF7, 0xDF, 0x7D, 0xF7, 0xDF, 0x7D, 0xF7, 0xDE, 0x30, 0x00, 0x06, 0x02, 0x00, 0x00, 0x66, 0x30,
  0x00, 0x06, 0x03, 0x00, 0x00, 0x00, 0x00, 0x10, 0x00, 0x78, 0x01, 0xF3, 0xF3, 0xEF, 0xE7, 0xFF,
  0xEF, 0xFF, 0xDF, 0xFF, 0xBF, 0xEF, 0xFF, 0x9F, 0xFF, 0x3F, 0xFC, 0x7F, 0xF8, 0xFF, 0xE1, 0xFF,
  0xC3, 0xFF, 0x87, 0xFE, 0x0F, 0xFC, 0x1F, 0x78, 0x1C, 0x00, 0x00, 0x18, 0x00, 0x30, 0x00, 0x30,
  0x00, 0x30, 0x00, 0x60, 0x00, 0x00, 0x00, 0x01, 0xE0, 0x1F, 0xC0, 0xFF, 0x87, 0xFF, 0x1F, 0xFE,
  0xFF, 0xFB, 0xE7, 0xEF, 0x8F, 0xFE, 0x1F, 0xF8, 0x7F, 0xE3, 0xEF, 0x8F, 0xBF, 0xFE, 0xFF, 0xF1,
  0xFF, 0xC3, 0xFE, 0x07, 0xE0, 0x00, 0x00, 0x00, 0x60, 0x03, 0x00, 0x30, 0x03, 0x00, 0x18, 0x00,
  0x00, 0x00, 0x00, 0x01, 0xE0, 0x1F, 0xC0, 0xFF, 0x87, 0xFF, 0x1F, 0xFE, 0xFF, 0xFB, 0xE7, 0xEF,
  0x8F, 0xFE, 0x1F, 0xF8, 0x7F, 0xE3, 0xEF, 0x8F, 0xBF, 0xFE, 0xFF, 0xF1, 0xFF, 0xC3, 0xFE, 0x07,
  0xE0, 0x00, 0x00, 0x00, 0x60, 0x03, 0x00, 0x30, 0x03, 0x00, 0x18, 0x00, 0x00, 0x00, 0x00, 0x00,
  0x00, 0x70, 0x73, 0xE1, 0xEF, 0x8F, 0xBE, 0x3E, 0xF8, 0xFB, 0xE3, 0xEF, 0x8F, 0xBE, 0x3E, 0xF9,
  0xFB, 0xE7, 0xEF, 0xBF, 0xBF, 0xFF, 0x7F, 0xFD, 0xFF, 0xF3, 0xFF, 0xC7, 0x8E, 0x18, 0x60, 0x61,
  0x81, 0x86, 0x06, 0x18, 0x18, 0x60, 0x00, 0x00, 0x00, 0x00, 0x00, 0x70, 0x73, 0xE1, 0xEF, 0x8F,
  0xBE, 0x3E, 0xF8, 0xFB, 0xE3, 0xEF, 0x8F, 0xBE, 0x3E, 0xF9, 0xFB, 0xE7, 0xEF, 0xBF, 0xBF, 0xFF,
  0x7F, 0xFD, 0xFF, 0xF3, 0xFF, 0xC7, 0x8E,
};

const GFXglyph CoffeeFreeValueGlyphs[] PROGMEM = {
  {     0,   1,   1,   8,   0,   0 },   // 0x20 ' '
  {     1,   5,  23,   9,   2, -22 },   // 0x21 '!'
  {    16,   8,   9,  10,   1, -23 },   // 0x22 '"'
  {    25,  22,  26,  24,   1, -24 },   // 0x23 '#'
  {    97,  14,  32,  17,   1, -26 },   // 0x24 '$'
  {   153,  20,  26,  22,   1, -24 },   // 0x25 '%'
  {   218,  20,  26,  22,   1, -24 },   // 0x26 '&'
  {   283,   3,   8,   5,   1, -22 },   // 0x27 '\''
  {   286,  14,  26,  16,   1, -24 },   // 0x28 '('
  {   332,  15,  26,  16,   0, -24 },   // 0x29 ')'
  {   381,   9,   9,  11,   1, -23 },   // 0x2A '*'
  {   392,  14,  13,  15,   1, -16 },   // 0x2B '+'
  {   415,   6,  11,   8,   1,  -4 },   // 0x2C ','
  {   424,  17,   5,  18,   0, -11 },   // 0x2D '-'
  {   435,   7,   6,   7,   0,  -4 },   // 0x2E '.'
  {   441,  14,  29,  14,   0, -24 },   // 0x2F '/'
  {   492,  17,  23,  19,   1, -22 },   // 0x30 '0'
  {   541,  11,  25,  14,   1, -24 },   // 0x31 '1'
  {   576,  15,  24,  17,   1, -23 },   // 0x32 '2'
  {   621,  17,  24,  18,   1, -22 },   // 0x33 '3'
  {   672,  18,  24,  20,   1, -23 },   // 0x34 '4'
  {   726,  15,  24,  18,   1, -23 },   // 0x35 '5'
  {   771,  16,  25,  19,   1, -23 },   // 0x36 '6'
  {   821,  14,  25,  15,   0, -23 },   // 0x37 '7'
  {   865,  14,  26,  16,   1, -23 },   // 0x38 '8'
  {   911,  14,  24,  16,   1, -22 },   // 0x39 '9'
  {   953,   7,  16,   8,   0, -15 },   // 0x3A ':'
  {   967,   6,  21,   8,   1, -15 },   // 0x3B ';'
  {   983,  12,  14,  14,   1, -16 },   // 0x3C '<'
  {  1004,  15,  12,  16,   0, -15 },   // 0x3D '='
  {  1027,  13,  14,  14,   0, -16 },   // 0x3E '>'
  {  1050,  12,  25,  14,   1, -22 },   // 0x3F '?'
  {  1088,  26,  26,  28,   1, -22 },   // 0x40 '@'
  {  1173,  16,  24,  18,   1, -23 },   // 0x41 'A'
  {  1221,  20,  24,  21,   0, -23 },   // 0x42 'B'
  {  1281,  15,  24,  18,   1, -22 },   // 0x43 'C'
  {  1326,  18,  25,  19,   0, -23 },   // 0x44 'D'
  {  1383,  16,  24,  17,   1, -22 },   // 0x45 'E'
  {  1431,  17,  25,  17,   0, -23 },   // 0x46 'F'
  {  1485,  17,  24,  19,   1, -22 },   // 0x47 'G'
  {  1536,  16,  25,  20,   2, -23 },   // 0x48 'H'
  {  1586,  14,  23,  14,   0, -22 },   // 0x49 'I'
  {  1627,  16,  23,  18,   1, -22 },   // 0x4A 'J'
  {  1673,  19,  24,  20,   2, -23 },   // 0x4B 'K'
  {  1730,  17,  26,  18,   1, -24 },   // 0x4C 'L'
  {  1786,  27,  25,  27,   0, -22 },   // 0x4D 'M'
  {  1871,  17,  24,  21,   2, -23 },   // 0x4E 'N'
  {  1922,  18,  23,  19,   1, -22 },   // 0x4F 'O'
  {  1974,  18,  24,  18,   0, -23 },   // 0x50 'P'
  {  2028,  19,  28,  19,   0, -22 },   // 0x51 'Q'
  {  2095,  20,  25,  20,   0, -23 },   // 0x52 'R'
  {  2158,  14,  25,  16,   1, -23 },   // 0x53 'S'
  {  2202,  19,  23,  18,  -1, -22 },   // 0x54 'T'
  {  2257,  17,  23,  19,   1, -22 },   // 0x55 'U'
  {  2306,  16,  24,  17,   1, -23 },   // 0x56 'V'
  {  2354,  25,  25,  27,   1, -23 },   // 0x57 'W'
  {  2433,  17,  25,  18,   1, -23 },   // 0x58 'X'
  {  2487,  19,  25,  18,   0, -24 },   // 0x59 'Y'
  {  2547,  16,  25,  17,   1, -23 },   // 0x5A 'Z'
  {  2597,   9,  27,  12,   2, -24 },   // 0x5B '['
  {  2628,  13,  28,  14,   1, -24 },   // 0x5C '\\'
  {  2674,   9,  27,  12,   1, -24 },   // 0x5D ']'
  {  2705,  12,  12,  14,   1, -22 },   // 0x5E '^'
  {  2723,  20,   5,  17,  -2,   1 },   // 0x5F '_'
  {  2736,   1,   1,  17,   0,   0 },   // 0x60 '`'
  {  2737,  15,  16,  17,   1, -15 },   // 0x61 'a'
  {  2767,  15,  25,  17,   1, -23 },   // 0x62 'b'
  {  2814,  12,  18,  13,   0, -16 },   // 0x63 'c'
  {  2841,  15,  25,  17,   1, -23 },   // 0x64 'd'
  {  2888,  15,  17,  16,   0, -15 },   // 0x65 'e'
  {  2920,  15,  25,  16,   0, -23 },   // 0x66 'f'
  {  2967,  15,  27,  17,   1, -16 },   // 0x67 'g'
  {  3018,  16,  24,  18,   1, -22 },   // 0x68 'h'
  {  3066,   6,  25,   8,   1, -23 },   // 0x69 'i'
  {  3085,  14,  31,   8,  -7, -23 },   // 0x6A 'j'
  {  3140,  16,  23,  18,   2, -22 },   // 0x6B 'k'
  {  3186,   5,  24,   8,   2, -22 },   // 0x6C 'l'
  {  3201,  22,  18,  24,   1, -16 },   // 0x6D 'm'
  {  3251,  15,  19,  17,   1, -17 },   // 0x6E 'n'
  {  3287,  14,  18,  15,   1, -16 },   // 0x6F 'o'
  {  3319,  15,  25,  17,   1, -16 },   // 0x70 'p'
  {  3366,  15,  25,  16,   0, -16 },   // 0x71 'q'
  {  3413,  14,  18,  15,   1, -16 },   // 0x72 'r'
  {  3445,  14,  18,  15,   1, -16 },   // 0x73 's'
  {  3477,  13,  22,  14,   0, -19 },   // 0x74 't'
  {  3513,  14,  17,  16,   1, -16 },   // 0x75 'u'
  {  3543,  14,  17,  15,   1, -16 },   // 0x76 'v'
  {  3573,  20,  18,  21,   1, -16 },   // 0x77 'w'
  {  3618,  15,  18,  15,   0, -16 },   // 0x78 'x'
  {  3652,  15,  26,  16,   0, -17 },   // 0x79 'y'
  {  3701,  15,  18,  15,   0, -16 },   // 0x7A 'z'
  {  3735,  15,  28,  15,   0, -24 },   // 0x7B '{'
  {  3788,   5,  34,   9,   2, -26 },   // 0x7C '|'
  {  3810,  15,  27,  15,   0, -24 },   // 0x7D '}'
  {  3861,  17,   9,  19,   1, -13 },   // 0x7E '~'
  {  3880,   0,   0,   0,   0,   0 },   // 0x7F ''
  {  3880,   0,   0,   0,   0,   0 },   // 0x80 ''
  {  3880,   0,   0,   0,   0,   0 },   // 0x81 ''
  {  3880,   0,   0,   0,   0,   0 },   // 0x82 ''
  {  3880,   0,   0,   0,   0,   0 },   // 0x83 ''
  {  3880,   0,   0,   0,   0,   0 },   // 0x84 ''
  {  3880,   0,   0,   0,   0,   0 },   // 0x85 ''
  {  3880,   0,   0,   0,   0,   0 },   // 0x86 ''
  {  3880,   0,   0,   0,   0,   0 },   // 0x87 ''
  {  3880,   0,   0,   0,   0,   0 },   // 0x88 ''
  {  3880,   0,   0,   0,   0,   0 },   // 0x89 ''
  {  3880,   0,   0,   0,   0,   0 },   // 0x8A ''
  {  3880,   0,   0,   0,   0,   0 },   // 0x8B ''
  {  3880,   0,   0,   0,   0,   0 },   // 0x8C ''
  {  3880,   0,   0,   0,   0,   0 },   // 0x8D ''
  {  3880,   0,   0,   0,   0,   0 },   // 0x8E ''
  {  3880,   0,   0,   0,   0,   0 },   // 0x8F ''
  {  3880,   0,   0,   0,   0,   0 },   // 0x90 ''
  {  3880,   0,   0,   0,   0,   0 },   // 0x91 ''
  {  3880,   0,   0,   0,   0,   0 },   // 0x92 ''
  {  3880,   0,   0,   0,   0,   0 },   // 0x93 ''
  {  3880,   0,   0,   0,   0,   0 },   // 0x94 ''
  {  3880,   0,   0,   0,   0,   0 },   // 0x95 ''
  {  3880,   0,   0,   0,   0,   0 },   // 0x96 ''
  {  3880,   0,   0,   0,   0,   0 },   // 0x97 ''
  {  3880,   0,   0,   0,   0,   0 },   // 0x98 ''
  {  3880,   0,   0,   0,   0,   0 },   // 0x99 ''
  {  3880,   0,   0,   0,   0,   0 },   // 0x9A ''
  {  3880,   0,   0,   0,   0,   0 },   // 0x9B ''
  {  3880,   0,   0,   0,   0,   0 },   // 0x9C ''
  {  3880,   0,   0,   0,   0,   0 },   // 0x9D ''
  {  3880,   0,   0,   0,   0,   0 },   // 0x9E ''
  {  3880,   0,   0,   0,   0,   0 },   // 0x9F ''
  {  3880,   0,   0,   0,   0,   0 },   // 0xA0 ' '
  {  3880,   0,   0,   0,   0,   0 },   // 0xA1 '¡'
  {  3880,   0,   0,   0,   0,   0 },   // 0xA2 '¢'
  {  3880,   0,   0,   0,   0,   0 },   // 0xA3 '£'
  {  3880,   0,   0,   0,   0,   0 },   // 0xA4 '¤'
  {  3880,   0,   0,   0,   0,   0 },   // 0xA5 '¥'
  {  3880,   0,   0,   0,   0,   0 },   // 0xA6 '¦'
  {  3880,   0,   0,   0,   0,   0 },   // 0xA7 '§'
  {  3880,   0,   0,   0,   0,   0 },   // 0xA8 '¨'
  {  3880,   0,   0,   0,   0,   0 },   // 0xA9 '©'
  {  3880,   0,   0,   0,   0,   0 },   // 0xAA 'ª'
  {  3880,   0,   0,   0,   0,   0 },   // 0xAB '«'
  {  3880,   0,   0,   0,   0,   0 },   // 0xAC '¬'
  {  3880,   0,   0,   0,   0,   0 },   // 0xAD '­'
  {  3880,   0,   0,   0,   0,   0 },   // 0xAE '®'
  {  3880,   0,   0,   0,   0,   0 },   // 0xAF '¯'
  {  3880,   0,   0,   0,   0,   0 },   // 0xB0 '°'
  {  3880,   0,   0,   0,   0,   0 },   // 0xB1 '±'
  {  3880,   0,   0,   0,   0,   0 },   // 0xB2 '²'
  {  3880,   0,   0,   0,   0,   0 },   // 0xB3 '³'
  {  3880,   0,   0,   0,   0,   0 },   // 0xB4 '´'
  {  3880,   0,   0,   0,   0,   0 },   // 0xB5 'µ'
  {  3880,   0,   0,   0,   0,   0 },   // 0xB6 '¶'
  {  3881,   6,   6,   7,   0, -13 },   // 0xB7 '·'
  {  3885,   0,   0,   0,   0,   0 },   // 0xB8 '¸'
  {  3885,   0,   0,   0,   0,   0 },   // 0xB9 '¹'
  {  3885,   0,   0,   0,   0,   0 },   // 0xBA 'º'
  {  3885,   0,   0,   0,   0,   0 },   // 0xBB '»'
  {  3885,   0,   0,   0,   0,   0 },   // 0xBC '¼'
  {  3885,   0,   0,   0,   0,   0 },   // 0xBD '½'
  {  3885,   0,   0,   0,   0,   0 },   // 0xBE '¾'
  {  3885,   0,   0,   0,   0,   0 },   // 0xBF '¿'
  {  3886,  16,  31,  18,   1, -30 },   // 0xC0 'À'
  {  3948,  16,  31,  18,   1, -30 },   // 0xC1 'Á'
  {  4010,   0,   0,   0,   0,   0 },   // 0xC2 'Â'
  {  4010,   0,   0,   0,   0,   0 },   // 0xC3 'Ã'
  {  4010,   0,   0,   0,   0,   0 },   // 0xC4 'Ä'
  {  4010,   0,   0,   0,   0,   0 },   // 0xC5 'Å'
  {  4010,   0,   0,   0,   0,   0 },   // 0xC6 'Æ'
  {  4010,  15,  28,  18,   1, -22 },   // 0xC7 'Ç'
  {  4063,  16,  31,  17,   1, -29 },   // 0xC8 'È'
  {  4125,  16,  31,  17,   1, -29 },   // 0xC9 'É'
  {  4187,   0,   0,   0,   0,   0 },   // 0xCA 'Ê'
  {  4187,   0,   0,   0,   0,   0 },   // 0xCB 'Ë'
  {  4187,   0,   0,   0,   0,   0 },   // 0xCC 'Ì'
  {  4187,  14,  30,  14,   0, -29 },   // 0xCD 'Í'
  {  4239,   0,   0,   0,   0,   0 },   // 0xCE 'Î'
  {  4240,  14,  30,  14,   0, -29 },   // 0xCF 'Ï'
  {  4292,   0,   0,   0,   0,   0 },   // 0xD0 'Ð'
  {  4293,  17,  31,  21,   2, -30 },   // 0xD1 'Ñ'
  {  4359,  18,  30,  19,   1, -29 },   // 0xD2 'Ò'
  {  4427,  18,  30,  19,   1, -29 },   // 0xD3 'Ó'
  {  4494,   0,   0,   0,   0,   0 },   // 0xD4 'Ô'
  {  4494,   0,   0,   0,   0,   0 },   // 0xD5 'Õ'
  {  4494,   0,   0,   0,   0,   0 },   // 0xD6 'Ö'
  {  4494,   0,   0,   0,   0,   0 },   // 0xD7 '×'
  {  4494,   0,   0,   0,   0,   0 },   // 0xD8 'Ø'
  {  4494,   0,   0,   0,   0,   0 },   // 0xD9 'Ù'
  {  4495,  17,  30,  19,   1, -29 },   // 0xDA 'Ú'
  {  4558,   0,   0,   0,   0,   0 },   // 0xDB 'Û'
  {  4559,  17,  30,  19,   1, -29 },   // 0xDC 'Ü'
  {  4622,   0,   0,   0,   0,   0 },   // 0xDD 'Ý'
  {  4622,   0,   0,   0,   0,   0 },   // 0xDE 'Þ'
  {  4622,   0,   0,   0,   0,   0 },   // 0xDF 'ß'
  {  4623,  15,  23,  17,   1, -22 },   // 0xE0 'à'
  {  4667,  15,  23,  17,   1, -22 },   // 0xE1 'á'
  {  4710,   0,   0,   0,   0,   0 },   // 0xE2 'â'
  {  4710,   0,   0,   0,   0,   0 },   // 0xE3 'ã'
  {  4710,   0,   0,   0,   0,   0 },   // 0xE4 'ä'
  {  4710,   0,   0,   0,   0,   0 },   // 0xE5 'å'
  {  4710,   0,   0,   0,   0,   0 },   // 0xE6 'æ'
  {  4711,  12,  22,  13,   0, -16 },   // 0xE7 'ç'
  {  4744,  15,  24,  16,   0, -22 },   // 0xE8 'è'
  {  4789,  15,  24,  16,   0, -22 },   // 0xE9 'é'
  {  4834,   0,   0,   0,   0,   0 },   // 0xEA 'ê'
  {  4834,   0,   0,   0,   0,   0 },   // 0xEB 'ë'
  {  4834,   0,   0,   0,   0,   0 },   // 0xEC 'ì'
  {  4834,   6,  26,   8,   1, -24 },   // 0xED 'í'
  {  4853,   0,   0,   0,   0,   0 },   // 0xEE 'î'
  {  4854,   6,  26,   8,   1, -24 },   // 0xEF 'ï'
  {  4873,   0,   0,   0,   0,   0 },   // 0xF0 'ð'
  {  4874,  15,  26,  17,   1, -24 },   // 0xF1 'ñ'
  {  4923,  14,  25,  15,   1, -23 },   // 0xF2 'ò'
  {  4967,  14,  25,  15,   1, -23 },   // 0xF3 'ó'
  {  5010,   0,   0,   0,   0,   0 },   // 0xF4 'ô'
  {  5010,   0,   0,   0,   0,   0 },   // 0xF5 'õ'
  {  5010,   0,   0,   0,   0,   0 },   // 0xF6 'ö'
  {  5010,   0,   0,   0,   0,   0 },   // 0xF7 '÷'
  {  5010,   0,   0,   0,   0,   0 },   // 0xF8 'ø'
  {  5010,   0,   0,   0,   0,   0 },   // 0xF9 'ù'
  {  5011,  14,  24,  16,   1, -23 },   // 0xFA 'ú'
  {  5053,   0,   0,   0,   0,   0 },   // 0xFB 'û'
  {  5053,  14,  24,  16,   1, -23 },   // 0xFC 'ü'
};

const GFXfont CoffeeFreeValue PROGMEM = {
  (uint8_t  *)CoffeeFreeValueBitmaps,
  (GFXglyph *)CoffeeFreeValueGlyphs,
  0x20, 0xFC, 41 };

// --- CoffeeFreeNom (px=40, yAdvance=51, 7924 bytes bitmap) ---
const uint8_t CoffeeFreeNomBitmaps[] PROGMEM = {
  0x00, 0x78, 0xFB, 0xF7, 0xEF, 0xDF, 0xBF, 0x7E, 0xFD, 0xFB, 0xF7, 0xEF, 0xDF, 0xBF, 0x7E, 0xFD,
  0xFB, 0xF3, 0xE3, 0x80, 0x00, 0x1C, 0x7D, 0xFB, 0xFB, 0xE7, 0xC0, 0x00, 0x00, 0x18, 0xEF, 0x3F,
  0xCF, 0xF3, 0xFC, 0xFF, 0x3F, 0xCF, 0xF3, 0xDC, 0xE2, 0x00, 0x00, 0x00, 0x18, 0x00, 0x0E, 0x0F,
  0x80, 0x03, 0xE1, 0xF8, 0x00, 0xFC, 0x3F, 0x00, 0x1F, 0x87, 0xE0, 0x03, 0xF1, 0xFC, 0x00, 0x7E,
  0x3F, 0x80, 0x0F, 0xC7, 0xE0, 0x3F, 0xFF, 0xFF, 0x8F, 0xFF, 0xFF, 0xFD, 0xFF, 0xFF, 0xFF, 0xBF,
  0xFF, 0xFF, 0xF7, 0xFF, 0xFF, 0xFE, 0x7F, 0xFF, 0xFF, 0xC0, 0xFC, 0x7F, 0x00, 0x3F, 0x8F, 0xC0,
  0x07, 0xE1, 0xF8, 0x00, 0xFF, 0xFF, 0x80, 0xFF, 0xFF, 0xFE, 0x3F, 0xFF, 0xFF, 0xC7, 0xFF, 0xFF,
  0xFC, 0xFF, 0xFF, 0xFF, 0x9F, 0xFF, 0xFF, 0xE0, 0xFF, 0x1F, 0xF8, 0x0F, 0xC3, 0xF0, 0x01, 0xF8,
  0x7E, 0x00, 0x3F, 0x0F, 0xC0, 0x07, 0xE1, 0xF8, 0x01, 0xFC, 0x7F, 0x00, 0x3F, 0x07, 0xE0, 0x03,
  0xE0, 0xF8, 0x00, 0x10, 0x0E, 0x00, 0x00, 0x00, 0x00, 0x00, 0x01, 0xC0, 0x01, 0xF0, 0x00, 0xFC,
  0x00, 0x7E, 0x00, 0x3F, 0x00, 0x3F, 0xE0, 0x3F, 0xF8, 0x3F, 0xFE, 0x3F, 0xFF, 0x3F, 0xFF, 0xDF,
  0xFF, 0xEF, 0xC3, 0xF7, 0xE1, 0xFF, 0xF0, 0xF9, 0xF8, 0x38, 0xFE, 0x00, 0x7F, 0x80, 0x1F, 0xF0,
  0x0F, 0xFC, 0x03, 0xFF, 0x00, 0xFF, 0xC0, 0x1F, 0xF0, 0x07, 0xFC, 0x71, 0xFE, 0xFC, 0x7F, 0xFE,
  0x1F, 0xFF, 0x07, 0xFF, 0x83, 0xFF, 0xC3, 0xFF, 0xFF, 0xFF, 0xFF, 0xFC, 0xFF, 0xFE, 0x7F, 0xFE,
  0x1F, 0xFE, 0x03, 0xFC, 0x00, 0x7E, 0x00, 0x3F, 0x00, 0x1F, 0x80, 0x07, 0xC0, 0x01, 0xC0, 0x00,
  0x00, 0x0E, 0x00, 0x00, 0x07, 0xC0, 0xF0, 0x03, 0xF0, 0xFF, 0x00, 0xFC, 0x7F, 0xC0, 0x7F, 0x1F,
  0xF8, 0x3F, 0xC7, 0xFE, 0x0F, 0xE3, 0xFF, 0x87, 0xF0, 0xFF, 0xE1, 0xFC, 0x1F, 0xF8, 0xFE, 0x07,
  0xFE, 0x7F, 0x81, 0xFF, 0x1F, 0xC0, 0x3F, 0x8F, 0xE0, 0x00, 0x03, 0xF8, 0x00, 0x01, 0xFC, 0x00,
  0x00, 0xFF, 0x00, 0x00, 0x3F, 0x80, 0x00, 0x1F, 0xC0, 0x00, 0x0F, 0xF0, 0x00, 0x03, 0xF8, 0x00,
  0x01, 0xFE, 0x1E, 0x00, 0x7F, 0x1F, 0xC0, 0x3F, 0x8F, 0xF8, 0x1F, 0xE7, 0xFE, 0x07, 0xF1, 0xFF,
  0x83, 0xF8, 0x7F, 0xE1, 0xFE, 0x1F, 0xF8, 0x7F, 0x07, 0xFE, 0x1F, 0x81, 0xFF, 0x87, 0xE0, 0x3F,
  0xC1, 0xF0, 0x07, 0xE0, 0x00, 0x00, 0x60, 0x00, 0x7E, 0x00, 0x00, 0xFF, 0xC0, 0x00, 0xFF, 0xF0,
  0x00, 0xFF, 0xF8, 0x00, 0x7F, 0xFE, 0x00, 0x3F, 0xFF, 0x00, 0x3F, 0xDF, 0x80, 0x1F, 0x8F, 0xC0,
  0x0F, 0xC7, 0xE0, 0x07, 0xF7, 0xF0, 0x01, 0xFF, 0xF8, 0x00, 0xFF, 0xFC, 0x00, 0x7F, 0xFC, 0x00,
  0x1F, 0xFC, 0x00, 0x0F, 0xFC, 0x38, 0x0F, 0xFC, 0x3F, 0x0F, 0xFE, 0x1F, 0x8F, 0xFF, 0x8F, 0xC7,
  0xFF, 0xC7, 0xE7, 0xFF, 0xF3, 0xF7, 0xFB, 0xFF, 0xFB, 0xF8, 0xFF, 0xFD, 0xF8, 0x3F, 0xFD, 0xFC,
  0x1F, 0xFE, 0xFE, 0x07, 0xFF, 0x7F, 0x83, 0xFF, 0x1F, 0xFF, 0xFF, 0x8F, 0xFF, 0xFF, 0xC3, 0xFF,
  0xFF, 0xE0, 0xFF, 0xFF, 0xF0, 0x3F, 0xFF, 0xF8, 0x07, 0xFC, 0x00, 0x00, 0x00, 0x00, 0x00, 0x6F,
  0xFF, 0xFF, 0xFF, 0x70, 0x00, 0x06, 0x00, 0x1F, 0xE0, 0x0F, 0xF8, 0x0F, 0xFE, 0x07, 0xFF, 0x81,
  0xFF, 0xE0, 0xFF, 0xC0, 0x7F, 0x80, 0x1F, 0xC0, 0x0F, 0xE0, 0x03, 0xF8, 0x01, 0xFC, 0x00, 0x7F,
  0x00, 0x1F, 0x80, 0x07, 0xE0, 0x01, 0xF8, 0x00, 0x7E, 0x00, 0x1F, 0x80, 0x07, 0xE0, 0x01, 0xF8,
  0x00, 0x7E, 0x00, 0x1F, 0xC0, 0x07, 0xF0, 0x00, 0xFE, 0x00, 0x3F, 0xC0, 0x07, 0xFC, 0x01, 0xFF,
  0xF0, 0x3F, 0xFE, 0x07, 0xFF, 0x80, 0xFF, 0xE0, 0x1F, 0xF0, 0x00, 0xF8, 0x0F, 0x00, 0x0F, 0xF8,
  0x03, 0xFF, 0x01, 0xFF, 0xF0, 0x3F, 0xFC, 0x0F, 0xFF, 0x80, 0xFF, 0xF0, 0x01, 0xFC, 0x00, 0x3F,
  0x80, 0x0F, 0xE0, 0x01, 0xF8, 0x00, 0x7F, 0x00, 0x1F, 0xC0, 0x03, 0xF0, 0x00, 0xFC, 0x00, 0x3F,
  0x00, 0x0F, 0xC0, 0x07, 0xF0, 0x01, 0xF8, 0x00, 0x7E, 0x00, 0x3F, 0x80, 0x0F, 0xE0, 0x07, 0xF0,
  0x03, 0xFC, 0x01, 0xFE, 0x01, 0xFF, 0x83, 0xFF, 0xC1, 0xFF, 0xE0, 0x7F, 0xF0, 0x1F, 0xF8, 0x03,
  0xF8, 0x00, 0x70, 0x00, 0x19, 0x81, 0xB8, 0x1F, 0x80, 0xF0, 0x7F, 0xEF, 0xFF, 0x7F, 0xE0, 0xF0,
  0x1F, 0x81, 0xB8, 0x19, 0x80, 0x00, 0x00, 0x00, 0xE0, 0x00, 0xF8, 0x00, 0x7E, 0x00, 0x3F, 0x00,
  0x1F, 0xE1, 0xFF, 0xFD, 0xFF, 0xFF, 0xFF, 0xFF, 0xFF, 0xFF, 0xDF, 0xFF, 0xC7, 0xFF, 0x80, 0x3F,
  0x00, 0x1F, 0x80, 0x0F, 0xC0, 0x07, 0xC0, 0x00, 0x00, 0x00, 0x00, 0x7C, 0xFE, 0xFE, 0xFE, 0xFF,
  0x7F, 0x1E, 0x3E, 0x3C, 0x7C, 0x78, 0x70, 0x00, 0x1F, 0xFF, 0xE0, 0xFF, 0xFF, 0xC7, 0xFF, 0xFF,
  0x9F, 0xFF, 0xFE, 0x7F, 0xFF, 0xF0, 0xFF, 0xFF, 0xC0, 0x7F, 0x80, 0x00, 0x00, 0x1E, 0x1F, 0x8F,
  0xC7, 0xE1, 0xF0, 0x70, 0x00, 0x00, 0x00, 0x07, 0x00, 0x07, 0xC0, 0x03, 0xF0, 0x03, 0xF8, 0x01,
  0xFC, 0x00, 0xFC, 0x00, 0xFE, 0x00, 0x7E, 0x00, 0x7F, 0x00, 0x3F, 0x80, 0x1F, 0x80, 0x1F, 0xC0,
  0x0F, 0xE0, 0x07, 0xE0, 0x07, 0xF0, 0x03, 0xF0, 0x03, 0xF8, 0x01, 0xFC, 0x00, 0xFC, 0x00, 0xFE,
  0x00, 0x7F, 0x00, 0x3F, 0x00, 0x3F, 0x80, 0x1F, 0x80, 0x0F, 0xC0, 0x0F, 0xE0, 0x07, 0xE0, 0x03,
  0xF0, 0x03, 0xF8, 0x01, 0xF8, 0x01, 0xFC, 0x00, 0xFE, 0x00, 0x7E, 0x00, 0x1F, 0x00, 0x02, 0x00,
  0x00, 0x00, 0x78, 0x00, 0x3F, 0xE0, 0x07, 0xFF, 0x00, 0xFF, 0xF8, 0x1F, 0xFF, 0xC3, 0xFF, 0xFC,
  0x3F, 0xFF, 0xE7, 0xF8, 0xFE, 0x7F, 0x07, 0xE7, 0xE0, 0x7E, 0xFE, 0x07, 0xEF, 0xC0, 0x7F, 0xFC,
  0x07, 0xFF, 0xC0, 0x7F, 0xFC, 0x07, 0xFF, 0xC0, 0x7F, 0xFC, 0x07, 0xEF, 0xC0, 0x7E, 0xFC, 0x07,
  0xEF, 0xC0, 0xFE, 0xFE, 0x0F, 0xCF, 0xE1, 0xFC, 0x7F, 0x3F, 0xC7, 0xFF, 0xF8, 0x3F, 0xFF, 0x81,
  0xFF, 0xF0, 0x1F, 0xFE, 0x00, 0x7F, 0xC0, 0x01, 0xF0, 0x00, 0x00, 0x60, 0x03, 0xE0, 0x1F, 0x80,
  0xFE, 0x07, 0xFC, 0x7F, 0xF3, 0xFF, 0xFF, 0xFE, 0xFF, 0xFB, 0xFF, 0xEF, 0xFF, 0x9E, 0x7E, 0x01,
  0xF8, 0x07, 0xE0, 0x1F, 0x80, 0x7E, 0x01, 0xFC, 0x07, 0xF0, 0x1F, 0xC0, 0x7F, 0x01, 0xFC, 0x07,
  0xF0, 0x0F, 0xC0, 0x3F, 0x00, 0xFC, 0x03, 0xF0, 0x0F, 0xC0, 0x3F, 0x00, 0xFC, 0x03, 0xE0, 0x07,
  0x00, 0x00, 0x00, 0x00, 0x7F, 0x80, 0x1F, 0xF8, 0x07, 0xFF, 0x81, 0xFF, 0xF8, 0x7F, 0xFF, 0x1F,
  0xFF, 0xF3, 0xF8, 0x7E, 0x7E, 0x0F, 0xCF, 0xC1, 0xF9, 0xF8, 0x3F, 0x3F, 0x87, 0xE7, 0xF1, 0xFC,
  0x7E, 0x3F, 0x87, 0xCF, 0xE0, 0x73, 0xFC, 0x00, 0xFF, 0x00, 0x3F, 0xE0, 0x07, 0xF8, 0x01, 0xFE,
  0x00, 0x7F, 0x80, 0x1F, 0xE0, 0x07, 0xF8, 0x01, 0xFE, 0x00, 0x7F, 0xFF, 0x8F, 0xFF, 0xF9, 0xFF,
  0xFF, 0xBF, 0xFF, 0xF3, 0xFF, 0xFC, 0x3F, 0xFF, 0x80, 0x07, 0xF0, 0x01, 0xFF, 0x80, 0x3F, 0xFC,
  0x07, 0xFF, 0xE0, 0x7F, 0xFE, 0x07, 0xFF, 0xF0, 0x7E, 0x7F, 0x07, 0xE3, 0xF0, 0x3C, 0x3F, 0x00,
  0x07, 0xF0, 0x00, 0xFE, 0x00, 0x7F, 0xE0, 0x1F, 0xFC, 0x03, 0xFF, 0xE0, 0x3F, 0xFF, 0x03, 0xFF,
  0xF8, 0x3F, 0xFF, 0xC1, 0xFF, 0xFC, 0x00, 0x0F, 0xC0, 0x00, 0xFE, 0x30, 0x0F, 0xEF, 0x80, 0xFE,
  0xFC, 0x0F, 0xCF, 0xE1, 0xFC, 0xFF, 0xFF, 0xCF, 0xFF, 0xF8, 0x7F, 0xFF, 0x83, 0xFF, 0xF0, 0x1F,
  0xFE, 0x00, 0x7F, 0x80, 0x00, 0x00, 0x00, 0x00, 0x02, 0x00, 0x00, 0x1F, 0x00, 0x00, 0x7E, 0x00,
  0x01, 0xFE, 0x00, 0x07, 0xFC, 0x00, 0x1F, 0xF8, 0x00, 0x7F, 0xF0, 0x01, 0xFF, 0xE0, 0x07, 0xFF,
  0xC0, 0x1F, 0xFF, 0x80, 0x3F, 0xFF, 0x00, 0xFF, 0x7E, 0x03, 0xFC, 0xFC, 0x0F, 0xF1, 0xF8, 0x1F,
  0xC3, 0xF0, 0x3F, 0x87, 0xE0, 0xFE, 0x0F, 0xC1, 0xFE, 0x1F, 0xF3, 0xFF, 0xFF, 0xF7, 0xFF, 0xFF,
  0xF7, 0xFF, 0xFF, 0xE7, 0xFF, 0xFF, 0xC7, 0xFF, 0xFF, 0x01, 0xFF, 0xE0, 0x00, 0x0F, 0xC0, 0x00,
  0x1F, 0x80, 0x00, 0x3F, 0x00, 0x00, 0x7E, 0x00, 0x00, 0x7C, 0x00, 0x00, 0xF8, 0x00, 0x00, 0x40,
  0x00, 0x1F, 0xFC, 0x0F, 0xFF, 0xC3, 0xFF, 0xF1, 0xFF, 0xFE, 0x7F, 0xFF, 0x1F, 0xFF, 0xC7, 0xE7,
  0x01, 0xF8, 0x00, 0x7F, 0xE0, 0x1F, 0xFE, 0x0F, 0xFF, 0xE1, 0xFF, 0xFC, 0x7F, 0xFF, 0x0F, 0xFF,
  0xE0, 0x03, 0xF8, 0x00, 0x7F, 0x00, 0x0F, 0xC0, 0x03, 0xF0, 0x00, 0xFD, 0xE0, 0x3F, 0xFC, 0x0F,
  0xFF, 0x07, 0xFF, 0xC3, 0xFF, 0xFF, 0xFE, 0xFF, 0xFF, 0x9F, 0xFF, 0xC7, 0xFF, 0xE0, 0xFF, 0xF0,
  0x0F, 0xF8, 0x00, 0x20, 0x00, 0x00, 0x07, 0x00, 0x00, 0xFC, 0x00, 0x0F, 0xE0, 0x01, 0xFF, 0x00,
  0x1F, 0xF8, 0x01, 0xFF, 0xC0, 0x1F, 0xF8, 0x00, 0xFF, 0x00, 0x0F, 0xF0, 0x00, 0xFF, 0x00, 0x07,
  0xF0, 0x00, 0x7F, 0xFC, 0x03, 0xFF, 0xF8, 0x3F, 0xFF, 0xE1, 0xFF, 0xFF, 0x8F, 0xFF, 0xFE, 0x7F,
  0xFF, 0xF3, 0xF0, 0x3F, 0x9F, 0x80, 0xFE, 0xFC, 0x07, 0xF7, 0xE0, 0x1F, 0xBF, 0x01, 0xFD, 0xFC,
  0x0F, 0xCF, 0xE0, 0xFE, 0x3F, 0x8F, 0xF1, 0xFF, 0xFF, 0x07, 0xFF, 0xF8, 0x3F, 0xFF, 0x80, 0xFF,
  0xF8, 0x01, 0xFF, 0x80, 0x03, 0xF0, 0x00, 0x00, 0x0C, 0x0F, 0xFF, 0xC3, 0xFF, 0xF9, 0xFF, 0xFE,
  0x7F, 0xFF, 0xCF, 0xFF, 0xE1, 0xFF, 0xF8, 0x00, 0xFE, 0x00, 0x7F, 0x00, 0x1F, 0xC0, 0x0F, 0xE0,
  0x03, 0xF0, 0x01, 0xFC, 0x00, 0x7E, 0x00, 0x3F, 0x80, 0x0F, 0xE0, 0x03, 0xF0, 0x01, 0xFC, 0x00,
  0x7E, 0x00, 0x1F, 0x80, 0x0F, 0xE0, 0x03, 0xF8, 0x00, 0xFC, 0x00, 0x3F, 0x00, 0x0F, 0xC0, 0x03,
  0xF0, 0x00, 0xFC, 0x00, 0x7F, 0x00, 0x0F, 0x80, 0x03, 0xE0, 0x00, 0x00, 0x00, 0x03, 0xF8, 0x03,
  0xFF, 0x01, 0xFF, 0xF0, 0x7F, 0xFC, 0x3F, 0xFF, 0x8F, 0xFF, 0xE7, 0xF1, 0xF9, 0xFC, 0x7E, 0x7F,
  0x3F, 0x8F, 0xCF, 0xE3, 0xFF, 0xF0, 0xFF, 0xFC, 0x1F, 0xFE, 0x07, 0xFF, 0x80, 0xFF, 0xC0, 0x7F,
  0xF0, 0x1F, 0xFE, 0x0F, 0xFF, 0xC3, 0xFF, 0xF1, 0xFD, 0xFE, 0x7E, 0x3F, 0x9F, 0x87, 0xE7, 0xE1,
  0xF9, 0xF8, 0x7E, 0x7F, 0x7F, 0x9F, 0xFF, 0xE3, 0xFF, 0xF0, 0xFF, 0xFC, 0x1F, 0xFE, 0x03, 0xFE,
  0x00, 0x1C, 0x00, 0x00, 0x00, 0x01, 0xE0, 0x01, 0xFE, 0x00, 0xFF, 0xE0, 0x7F, 0xF8, 0x3F, 0xFF,
  0x0F, 0xFF, 0xE7, 0xFB, 0xF9, 0xFC, 0x7E, 0x7E, 0x1F, 0x9F, 0x87, 0xF7, 0xE1, 0xFD, 0xF8, 0x3F,
  0x7E, 0x0F, 0xDF, 0xC7, 0xF7, 0xFF, 0xFC, 0xFF, 0xFF, 0x3F, 0xFF, 0x87, 0xFF, 0xE0, 0xFF, 0xF8,
  0x1F, 0xFE, 0x00, 0xFF, 0x00, 0x3F, 0xC0, 0x1F, 0xE0, 0x0F, 0xF0, 0x1F, 0xFC, 0x07, 0xFE, 0x03,
  0xFF, 0x00, 0xFF, 0x80, 0x1F, 0x80, 0x03, 0xC0, 0x00, 0x3C, 0xFD, 0xFB, 0xF7, 0xE7, 0x80, 0x00,
  0x00, 0x00, 0x00, 0x00, 0x02, 0x1F, 0x3F, 0xFE, 0xFD, 0xF0, 0x80, 0x3C, 0x7E, 0x7E, 0x7E, 0x7E,
  0x3C, 0x00, 0x00, 0x00, 0x00, 0x00, 0x00, 0x00, 0x3C, 0x7E, 0xFE, 0xFF, 0x7F, 0x7F, 0x1F, 0x1F,
  0x1E, 0x3C, 0x3C, 0x38, 0x30, 0x00, 0x00, 0x00, 0x00, 0xF0, 0x03, 0xF0, 0x1F, 0xF0, 0xFF, 0xC7,
  0xFF, 0x9F, 0xFE, 0x7F, 0xF0, 0xFF, 0xC1, 0xFF, 0x81, 0xFF, 0xC3, 0xFF, 0xE1, 0xFF, 0xC1, 0xFF,
  0xC0, 0xFF, 0x80, 0x7F, 0x00, 0x3C, 0x00, 0x00, 0x1F, 0xFF, 0xC7, 0xFF, 0xFC, 0xFF, 0xFF, 0xBF,
  0xFF, 0xF3, 0xFF, 0xFC, 0x7F, 0xFF, 0x01, 0xC0, 0x00, 0x00, 0x00, 0x00, 0x00, 0x03, 0xFF, 0xF0,
  0xFF, 0xFF, 0x3F, 0xFF, 0xF7, 0xFF, 0xFE, 0x7F, 0xFF, 0x8F, 0xFF, 0xE0, 0x00, 0x00, 0x1E, 0x00,
  0x3F, 0x80, 0x7F, 0xC0, 0x3F, 0xF0, 0x3F, 0xFC, 0x1F, 0xFE, 0x07, 0xFF, 0x01, 0xFF, 0x03, 0xFF,
  0x07, 0xFF, 0x1F, 0xFE, 0x3F, 0xFC, 0x3F, 0xF0, 0x3F, 0xC0, 0x3F, 0x00, 0x1E, 0x00, 0x03, 0xC0,
  0x1F, 0xE0, 0xFF, 0xE3, 0xFF, 0xE7, 0xFF, 0xDF, 0xFF, 0xFF, 0xBF, 0xFE, 0x3F, 0xFC, 0xFE, 0xF1,
  0xFC, 0x03, 0xF0, 0x0F, 0xE0, 0x1F, 0xC0, 0x3F, 0x00, 0xFE, 0x01, 0xFC, 0x03, 0xF0, 0x07, 0xE0,
  0x0F, 0xC0, 0x1F, 0x00, 0x1C, 0x00, 0x00, 0x00, 0x00, 0x00, 0x00, 0x01, 0xC0, 0x07, 0xC0, 0x1F,
  0x80, 0x3F, 0x00, 0x7E, 0x00, 0x78, 0x00, 0x00, 0x00, 0x00, 0x03, 0xF8, 0x00, 0x00, 0x0F, 0xFF,
  0x80, 0x00, 0x1F, 0xFF, 0xF0, 0x00, 0x1F, 0xFF, 0xFC, 0x00, 0x1F, 0xFF, 0xFF, 0x80, 0x1F, 0xFF,
  0xFF, 0xE0, 0x1F, 0xFC, 0x7F, 0xF8, 0x1F, 0xF1, 0xE7, 0xFC, 0x1F, 0xF3, 0xF8, 0xFF, 0x0F, 0xE3,
  0xFE, 0x3F, 0x8F, 0xF3, 0xFF, 0x0F, 0xC7, 0xF3, 0xFF, 0x87, 0xE7, 0xF1, 0xFF, 0xE3, 0xFB, 0xF9,
  0xFF, 0xF9, 0xFD, 0xF8, 0xFE, 0xFC, 0xFE, 0xFC, 0xFE, 0xFE, 0x7E, 0x7E, 0x7F, 0x7F, 0x3F, 0x3F,
  0x3F, 0x7F, 0xBF, 0x9F, 0x9F, 0xFF, 0xDF, 0xCF, 0xCF, 0xFF, 0xFF, 0xC7, 0xE7, 0xFF, 0xFF, 0xE3,
  0xF3, 0xFF, 0xFF, 0xE1, 0xFC, 0xFF, 0xFF, 0xE0, 0xFE, 0x3F, 0xFF, 0xF0, 0x3F, 0x87, 0x8F, 0xE0,
  0x1F, 0xF0, 0x01, 0x80, 0x07, 0xFF, 0xFC, 0x00, 0x03, 0xFF, 0xFF, 0x00, 0x00, 0xFF, 0xFF, 0x80,
  0x00, 0x3F, 0xFF, 0xC0, 0x00, 0x07, 0xFF, 0xC0, 0x00, 0x00, 0xFF, 0xE0, 0x00, 0x00, 0x3E, 0x00,
  0x0F, 0xF0, 0x01, 0xFF, 0x80, 0x3F, 0xF8, 0x03, 0xFF, 0xC0, 0x7F, 0xFC, 0x0F, 0xFF, 0xC0, 0xFE,
  0xFE, 0x0F, 0xC7, 0xE1, 0xFC, 0x7E, 0x1F, 0x87, 0xE1, 0xF8, 0x7E, 0x3F, 0x87, 0xE3, 0xF0, 0x7E,
  0x3F, 0x7F, 0xE3, 0xFF, 0xFE, 0x7F, 0xFF, 0xF7, 0xFF, 0xFF, 0x7F, 0xFF, 0xF7, 0xFF, 0xFF, 0x7F,
  0xFF, 0xFF, 0xE0, 0x3F, 0xFE, 0x03, 0xFF, 0xC0, 0x3F, 0xFC, 0x03, 0xFF, 0xC0, 0x3F, 0xFC, 0x03,
  0xFF, 0x80, 0x1F, 0x30, 0x00, 0xE0, 0x00, 0x00, 0x00, 0x00, 0xFF, 0xE0, 0x03, 0xFF, 0xF8, 0x03,
  0xFF, 0xFE, 0x03, 0xFF, 0xFF, 0x83, 0xFF, 0xFF, 0xC1, 0xFF, 0xFF, 0xE0, 0xFF, 0xE3, 0xF0, 0x3F,
  0xF1, 0xF8, 0x09, 0xF9, 0xFC, 0x00, 0xFD, 0xFE, 0x00, 0xFF, 0xFE, 0x00, 0x7F, 0xFF, 0x80, 0x1F,
  0xFF, 0xE0, 0x0F, 0xFF, 0xF8, 0x07, 0xFF, 0xFE, 0x03, 0xFF, 0xFF, 0x01, 0xFE, 0x3F, 0xC0, 0xFC,
  0x0F, 0xE0, 0x7E, 0x03, 0xF0, 0x3F, 0x01, 0xF8, 0x1F, 0x81, 0xFC, 0x1F, 0xC1, 0xFC, 0x3F, 0xE3,
  0xFE, 0x3F, 0xFF, 0xFE, 0x1F, 0xFF, 0xFF, 0x0F, 0xFF, 0xFF, 0x03, 0xFF, 0xFF, 0x00, 0xFF, 0xFE,
  0x00, 0x1F, 0xFC, 0x00, 0x00, 0x00, 0x00, 0x00, 0x00, 0x00, 0x1F, 0xE0, 0x07, 0xFF, 0x00, 0xFF,
  0xF8, 0x0F, 0xFF, 0xC1, 0xFF, 0xFC, 0x1F, 0xFF, 0xE3, 0xF8, 0xFE, 0x3F, 0x07, 0xE7, 0xF0, 0x7E,
  0x7F, 0x07, 0xE7, 0xE0, 0x3E, 0x7E, 0x01, 0xC7, 0xE0, 0x00, 0x7E, 0x00, 0x0F, 0xE0, 0x00, 0xFE,
  0x00, 0x0F, 0xE0, 0x3C, 0xFE, 0x07, 0xEF, 0xE0, 0x7E, 0x7E, 0x07, 0xE7, 0xE0, 0x7E, 0x7F, 0x07,
  0xE7, 0xF8, 0xFE, 0x3F, 0xFF, 0xE3, 0xFF, 0xFC, 0x1F, 0xFF, 0xC0, 0xFF, 0xF8, 0x07, 0xFF, 0x00,
  0x1F, 0xC0, 0x00, 0x00, 0x00, 0x07, 0xC0, 0x00, 0xFF, 0xF0, 0x07, 0xFF, 0xF0, 0x1F, 0xFF, 0xE0,
  0x7F, 0xFF, 0xC1, 0xFF, 0xFF, 0x83, 0xFF, 0xFF, 0x03, 0xF3, 0xFC, 0x0F, 0xC3, 0xF8, 0x3F, 0x0F,
  0xE0, 0xFC, 0x1F, 0x83, 0xF0, 0x7F, 0x0F, 0xC1, 0xFC, 0x3F, 0x07, 0xF0, 0xFC, 0x1F, 0xC3, 0xF0,
  0x7F, 0x0F, 0xC1, 0xFC, 0x3F, 0x07, 0xE0, 0xFC, 0x3F, 0x83, 0xF0, 0xFE, 0x0F, 0xC7, 0xF0, 0x3F,
  0x3F, 0xC0, 0xFD, 0xFE, 0x03, 0xFF, 0xF8, 0x3F, 0xFF, 0xC3, 0xFF, 0xFE, 0x0F, 0xFF, 0xF0, 0x3F,
  0xFF, 0x80, 0xFF, 0xF8, 0x01, 0xFF, 0x80, 0x01, 0xF0, 0x00, 0x00, 0x3F, 0xFF, 0x03, 0xFF, 0xFC,
  0x3F, 0xFF, 0xE1, 0xFF, 0xFF, 0x0F, 0xFF, 0xF8, 0x3F, 0xFF, 0x80, 0xFC, 0x00, 0x07, 0xE0, 0x00,
  0x3F, 0x00, 0x01, 0xF8, 0x00, 0x0F, 0xC0, 0x00, 0x7E, 0x18, 0x03, 0xFF, 0xF0, 0x1F, 0xFF, 0x80,
  0xFF, 0xFC, 0x07, 0xFF, 0xE0, 0x3F, 0xFE, 0x01, 0xFF, 0xC0, 0x0F, 0xC0, 0x00, 0x7E, 0x00, 0x03,
  0xF0, 0x00, 0x1F, 0x80, 0x00, 0xFE, 0x07, 0x07, 0xFF, 0xFC, 0x1F, 0xFF, 0xE0, 0xFF, 0xFF, 0x03,
  0xFF, 0xF8, 0x0F, 0xFF, 0x80, 0x1F, 0xF8, 0x00, 0x00, 0x00, 0x00, 0x00, 0x00, 0x3F, 0xFF, 0xF0,
  0xFF, 0xFF, 0xE1, 0xFF, 0xFF, 0xE3, 0xFF, 0xFF, 0xC7, 0xFF, 0xFF, 0x03, 0xFF, 0xFC, 0x03, 0xF0,
  0x00, 0x07, 0xE0, 0x00, 0x0F, 0xC0, 0x00, 0x1F, 0x80, 0x00, 0x3F, 0x00, 0x00, 0x7F, 0xF8, 0x00,
  0xFF, 0xF8, 0x01, 0xFF, 0xF0, 0x03, 0xFF, 0xE0, 0x07, 0xFF, 0xC0, 0x0F, 0xFF, 0x00, 0x1F, 0x80,
  0x00, 0x3F, 0x00, 0x00, 0x7E, 0x00, 0x00, 0xFC, 0x00, 0x01, 0xF8, 0x00, 0x03, 0xF0, 0x00, 0x07,
  0xE0, 0x00, 0x0F, 0xC0, 0x00, 0x1F, 0x80, 0x00, 0x3F, 0x00, 0x00, 0x3C, 0x00, 0x00, 0x30, 0x00,
  0x00, 0x00, 0x00, 0x00, 0x00, 0x7F, 0x00, 0x07, 0xFE, 0x00, 0x3F, 0xFC, 0x01, 0xFF, 0xF8, 0x0F,
  0xFF, 0xE0, 0x3F, 0xFF, 0xC1, 0xFE, 0x7F, 0x07, 0xF0, 0xFC, 0x1F, 0x83, 0xF0, 0xFE, 0x07, 0xC3,
  0xF8, 0x0E, 0x0F, 0xC0, 0x00, 0x7F, 0x00, 0x01, 0xFC, 0x07, 0x87, 0xE7, 0xFF, 0x1F, 0xBF, 0xFE,
  0x7E, 0xFF, 0xFB, 0xFB, 0xFF, 0xEF, 0xE7, 0xFF, 0xBF, 0x0F, 0xFC, 0xFC, 0x1F, 0xF3, 0xF0, 0x7F,
  0xCF, 0xE3, 0xFF, 0x1F, 0x9F, 0xFC, 0x7F, 0xFF, 0xF1, 0xFF, 0xFF, 0xC3, 0xFF, 0xFF, 0x07, 0xFF,
  0xF8, 0x0F, 0xF9, 0xE0, 0x1F, 0x80, 0x00, 0x00, 0x00, 0x00, 0x00, 0x00, 0x81, 0xC0, 0x1F, 0x1F,
  0x00, 0xFD, 0xF8, 0x07, 0xEF, 0xC0, 0x3F, 0x7E, 0x01, 0xFB, 0xF0, 0x0F, 0xDF, 0x80, 0x7E, 0xFC,
  0x03, 0xF7, 0xE0, 0x1F, 0xBF, 0x00, 0xFD, 0xF8, 0x07, 0xEF, 0xC0, 0x3F, 0x7F, 0xFF, 0xFB, 0xFF,
  0xFF, 0xDF, 0xFF, 0xFE, 0xFF, 0xFF, 0xF7, 0xFF, 0xFF, 0xBF, 0xFF, 0xFD, 0xFC, 0x07, 0xEF, 0xE0,
  0x3F, 0x7F, 0x01, 0xFB, 0xF8, 0x0F, 0xDF, 0x80, 0x7E, 0xFC, 0x03, 0xF7, 0xE0, 0x1F, 0xBF, 0x00,
  0xFF, 0xF8, 0x03, 0xE7, 0xC0, 0x1F, 0x1C, 0x00, 0x70, 0x00, 0x00, 0x00, 0x3F, 0xFF, 0x1F, 0xFF,
  0xC7, 0xFF, 0xF9, 0xFF, 0xFE, 0x7F, 0xFF, 0x0F, 0xFF, 0xC0, 0x3F, 0x00, 0x0F, 0xC0, 0x03, 0xF0,
  0x00, 0xFC, 0x00, 0x3F, 0x00, 0x0F, 0xC0, 0x03, 0xF0, 0x00, 0xFC, 0x00, 0x3F, 0x00, 0x0F, 0xC0,
  0x03, 0xF0, 0x00, 0xFC, 0x00, 0x3F, 0x00, 0x1F, 0xC0, 0x07, 0xF0, 0x01, 0xFC, 0x00, 0x7F, 0x00,
  0xFF, 0xF0, 0x7F, 0xFE, 0x1F, 0xFF, 0xC7, 0xFF, 0xF1, 0xFF, 0xF8, 0x3F, 0xFE, 0x00, 0x1F, 0xFF,
  0xC3, 0xFF, 0xFE, 0x3F, 0xFF, 0xF3, 0xFF, 0xFF, 0x3F, 0xFF, 0xE1, 0xFF, 0xFE, 0x00, 0x07, 0xE0,
  0x00, 0x7E, 0x00, 0x07, 0xE0, 0x00, 0x7E, 0x00, 0x07, 0xE0, 0x00, 0x7E, 0x00, 0x07, 0xE3, 0x80,
  0x7E, 0x7C, 0x07, 0xEF, 0xC0, 0x7E, 0xFC, 0x07, 0xEF, 0xC0, 0x7E, 0xFC, 0x07, 0xEF, 0xC0, 0x7E,
  0xFE, 0x07, 0xE7, 0xE0, 0x7E, 0x7F, 0x8F, 0xE7, 0xFF, 0xFC, 0x3F, 0xFF, 0xC3, 0xFF, 0xF8, 0x1F,
  0xFF, 0x80, 0x7F, 0xE0, 0x01, 0xFC, 0x00, 0x00, 0x00, 0x00, 0x10, 0x01, 0xE0, 0x7C, 0x03, 0xF0,
  0xFC, 0x07, 0xF0, 0xFC, 0x0F, 0xF0, 0xFC, 0x1F, 0xF0, 0xFC, 0x3F, 0xE0, 0xFC, 0x7F, 0xC0, 0xFC,
  0xFF, 0x80, 0xFD, 0xFF, 0x00, 0xFF, 0xFE, 0x00, 0xFF, 0xFC, 0x00, 0xFF, 0xF8, 0x00, 0xFF, 0xF0,
  0x00, 0xFF, 0xE0, 0x00, 0xFF, 0xC0, 0x00, 0xFF, 0xC0, 0x00, 0xFF, 0xC0, 0x00, 0xFF, 0xE0, 0x00,
  0xFF, 0xF0, 0x00, 0xFF, 0xF8, 0x00, 0xFF, 0xFC, 0x00, 0xFF, 0xFE, 0x00, 0xFF, 0xFF, 0x00, 0xFE,
  0xFF, 0xC0, 0xFE, 0x7F, 0xFC, 0xFE, 0x3F, 0xFE, 0xFE, 0x1F, 0xFE, 0xFC, 0x07, 0xFE, 0x7C, 0x03,
  0xFE, 0x38, 0x00, 0x7C, 0x00, 0x00, 0x00, 0x00, 0x00, 0x01, 0xE0, 0x00, 0x1F, 0x80, 0x00, 0xFC,
  0x00, 0x07, 0xE0, 0x00, 0x3F, 0x00, 0x01, 0xF8, 0x00, 0x1F, 0xC0, 0x00, 0xFE, 0x00, 0x07, 0xE0,
  0x00, 0x3F, 0x00, 0x01, 0xF8, 0x00, 0x0F, 0xC0, 0x00, 0x7E, 0x00, 0x03, 0xF0, 0x00, 0x1F, 0x80,
  0x00, 0xFC, 0x00, 0x07, 0xE0, 0x00, 0x3F, 0x00, 0x01, 0xF8, 0x00, 0x0F, 0xC0, 0x00, 0x7E, 0x00,
  0x03, 0xF0, 0x00, 0x1F, 0xC0, 0x1C, 0xFE, 0x01, 0xF3, 0xF8, 0x3F, 0x9F, 0xFF, 0xFC, 0x7F, 0xFF,
  0xE3, 0xFF, 0xFE, 0x0F, 0xFF, 0xE0, 0x3F, 0xFE, 0x00, 0x7F, 0xC0, 0x00, 0x60, 0x00, 0x00, 0x00,
  0x00, 0x00, 0x01, 0xC0, 0x07, 0x80, 0x03, 0xE0, 0x0F, 0xC0, 0x07, 0xF0, 0x0F, 0xE0, 0x07, 0xF0,
  0x1F, 0xE0, 0x07, 0xF0, 0x1F, 0xE0, 0x0F, 0xF8, 0x3F, 0xE0, 0x0F, 0xF8, 0x3F, 0xF0, 0x0F, 0xF8,
  0x3F, 0xF0, 0x0F, 0xF8, 0x3F, 0xF0, 0x1F, 0xF8, 0x7F, 0xF0, 0x1F, 0xFC, 0x7F, 0xF8, 0x1F, 0xFC,
  0x7F, 0xF8, 0x1F, 0xFC, 0x7F, 0xF8, 0x3F, 0xFC, 0xFF, 0xFC, 0x3F, 0xFE, 0xFD, 0xFC, 0x3F, 0x7E,
  0xFC, 0xFC, 0x3F, 0x7E, 0xFC, 0xFC, 0x3F, 0x7F, 0xFC, 0xFE, 0x7F, 0x7F, 0xF8, 0x7E, 0x7E, 0x3F,
  0xF8, 0x7E, 0x7E, 0x3F, 0xF8, 0x7E, 0x7E, 0x3F, 0xF0, 0x7F, 0xFE, 0x1F, 0xF0, 0x3F, 0xFE, 0x1F,
  0xF0, 0x3F, 0xFC, 0x1F, 0xF0, 0x3F, 0xFC, 0x0F, 0xE0, 0x3F, 0xFC, 0x0F, 0xE0, 0x3F, 0xFC, 0x07,
  0xC0, 0x1F, 0xF8, 0x00, 0x00, 0x0E, 0x30, 0x00, 0x00, 0x00, 0x78, 0x00, 0x33, 0xF8, 0x03, 0xEF,
  0xE0, 0x0F, 0xBF, 0xC0, 0x7F, 0xFF, 0x81, 0xFB, 0xFE, 0x07, 0xEF, 0xFC, 0x1F, 0xBF, 0xF8, 0x7E,
  0xFF, 0xE1, 0xFB, 0xFF, 0xC7, 0xEF, 0xFF, 0x1F, 0xBF, 0xFE, 0x7E, 0xFF, 0xF9, 0xFB, 0xF7, 0xF7,
  0xEF, 0xDF, 0xDF, 0xBF, 0x3F, 0xFE, 0xFC, 0xFF, 0xFB, 0xF1, 0xFF, 0xEF, 0xC7, 0xFF, 0xBF, 0x0F,
  0xFE, 0xFC, 0x3F, 0xFB, 0xF8, 0x7F, 0xEF, 0xE1, 0xFF, 0xBF, 0x83, 0xFE, 0xFE, 0x07, 0xFF, 0xF8,
  0x1F, 0xF7, 0xE0, 0x3F, 0xDF, 0x00, 0x7E, 0x38, 0x00, 0xF8, 0x03, 0xFE, 0x00, 0x1F, 0xFE, 0x00,
  0x7F, 0xFE, 0x03, 0xFF, 0xFC, 0x1F, 0xFF, 0xF0, 0x7F, 0xFF, 0xE3, 0xFE, 0x7F, 0x8F, 0xE0, 0x7F,
  0x7F, 0x01, 0xFD, 0xFC, 0x03, 0xF7, 0xE0, 0x0F, 0xDF, 0x80, 0x3F, 0x7E, 0x00, 0xFF, 0xF8, 0x03,
  0xFF, 0xE0, 0x1F, 0xFF, 0x00, 0x7F, 0xFC, 0x01, 0xFB, 0xF8, 0x07, 0xEF, 0xE0, 0x3F, 0x9F, 0x80,
  0xFC, 0x7E, 0x07, 0xF1, 0xFC, 0x3F, 0xC7, 0xFF, 0xFE, 0x0F, 0xFF, 0xF0, 0x3F, 0xFF, 0xC0, 0x7F,
  0xFE, 0x00, 0xFF, 0xF0, 0x00, 0xFF, 0x00, 0x00, 0x40, 0x00, 0x1F, 0xFE, 0x01, 0xFF, 0xFF, 0x07,
  0xFF, 0xFE, 0x3F, 0xFF, 0xFC, 0x7F, 0xFF, 0xF9, 0xFF, 0xFF, 0xE1, 0xFE, 0x3F, 0xC1, 0xF8, 0x7F,
  0x07, 0xE0, 0xFC, 0x1F, 0x83, 0xF0, 0x7E, 0x0F, 0xC1, 0xF8, 0x7F, 0x07, 0xE1, 0xFC, 0x1F, 0x8F,
  0xE0, 0x7F, 0xFF, 0x81, 0xFF, 0xFC, 0x07, 0xFF, 0xE0, 0x1F, 0xFF, 0x80, 0x7F, 0xF8, 0x01, 0xFF,
  0xC0, 0x07, 0xF8, 0x00, 0x1F, 0x80, 0x00, 0x7E, 0x00, 0x01, 0xF8, 0x00, 0x07, 0xE0, 0x00, 0x1F,
  0x80, 0x00, 0x7E, 0x00, 0x01, 0xF8, 0x00, 0x03, 0xE0, 0x00, 0x06, 0x00, 0x00, 0x00, 0x3F, 0x00,
  0x00, 0xFF, 0x80, 0x03, 0xFF, 0xC0, 0x07, 0xFF, 0xE0, 0x07, 0xFF, 0xF0, 0x0F, 0xFF, 0xF8, 0x1F,
  0xE7, 0xF8, 0x1F, 0xC3, 0xFC, 0x3F, 0x81, 0xFC, 0x3F, 0x80, 0xFC, 0x3F, 0x00, 0xFE, 0x3F, 0x00,
  0xFE, 0x7F, 0x00, 0x7E, 0x7F, 0x00, 0x7E, 0x7E, 0x00, 0x7E, 0x7E, 0x1C, 0x7E, 0x7E, 0x3E, 0x7E,
  0x7F, 0x3F, 0xFE, 0x7F, 0x3F, 0xFC, 0x3F, 0x3F, 0xFC, 0x3F, 0x3F, 0xFC, 0x3F, 0x9F, 0xFC, 0x1F,
  0xDF, 0xF8, 0x1F, 0xEF, 0xF8, 0x0F, 0xFF, 0xF0, 0x0F, 0xFF, 0xF8, 0x07, 0xFF, 0xF8, 0x03, 0xFF,
  0xFC, 0x01, 0xFF, 0xFC, 0x00, 0x38, 0xFE, 0x00, 0x00, 0xFE, 0x00, 0x00, 0x7E, 0x00, 0x00, 0x3E,
  0x00, 0x00, 0x3C, 0x00, 0x00, 0x00, 0x3F, 0xFF, 0xC0, 0x3F, 0xFF, 0xF0, 0x1F, 0xFF, 0xFC, 0x0F,
  0xFF, 0xFE, 0x07, 0xFF, 0xFF, 0x81, 0xFF, 0xFF, 0xC0, 0x7F, 0x07, 0xE0, 0x3F, 0x83, 0xF0, 0x1F,
  0xC1, 0xF8, 0x0F, 0xE0, 0xFC, 0x07, 0xF0, 0xFE, 0x03, 0xF9, 0xFF, 0x01, 0xFF, 0xFF, 0x00, 0xFF,
  0xFF, 0x00, 0x7F, 0xFF, 0x80, 0x3F, 0xFF, 0x80, 0x1F, 0xFF, 0x00, 0x0F, 0xFF, 0x80, 0x07, 0xFF,
  0xE0, 0x03, 0xFF, 0xF8, 0x00, 0xFF, 0xFE, 0x00, 0x7E, 0xFF, 0x80, 0x3F, 0x3F, 0xF0, 0x1F, 0x8F,
  0xFE, 0x0F, 0xC3, 0xFF, 0x07, 0xE0, 0xFF, 0x83, 0xF0, 0x1F, 0xC1, 0xF8, 0x07, 0xE0, 0x30, 0x00,
  0xC0, 0x00, 0x00, 0x00, 0x01, 0xC0, 0x03, 0xFC, 0x07, 0xFF, 0x87, 0xFF, 0xE3, 0xFF, 0xF3, 0xFF,
  0xF9, 0xFF, 0xFC, 0xFC, 0x7E, 0x7E, 0x1F, 0x3F, 0x86, 0x1F, 0xE0, 0x07, 0xFC, 0x03, 0xFF, 0x00,
  0xFF, 0xC0, 0x3F, 0xF0, 0x0F, 0xFC, 0x01, 0xFF, 0x00, 0x3F, 0x8F, 0x0F, 0xEF, 0xC7, 0xF7, 0xE1,
  0xFB, 0xF0, 0xFF, 0xF8, 0x7F, 0xFC, 0x3F, 0x7F, 0x3F, 0xBF, 0xFF, 0xDF, 0xFF, 0xC7, 0xFF, 0xE1,
  0xFF, 0xE0, 0x7F, 0xE0, 0x0F, 0x80, 0x1F, 0xFF, 0xFC, 0x3F, 0xFF, 0xFE, 0x7F, 0xFF, 0xFE, 0x7F,
  0xFF, 0xFE, 0x7F, 0xFF, 0xFE, 0x3F, 0xFF, 0xFC, 0x00, 0x7E, 0x00, 0x00, 0x7E, 0x00, 0x00, 0xFE,
  0x00, 0x00, 0xFE, 0x00, 0x00, 0xFC, 0x00, 0x00, 0xFC, 0x00, 0x00, 0xFC, 0x00, 0x00, 0xFC, 0x00,
  0x00, 0xFC, 0x00, 0x00, 0xFC, 0x00, 0x00, 0xFC, 0x00, 0x00, 0xFC, 0x00, 0x00, 0xFC, 0x00, 0x00,
  0xFC, 0x00, 0x00, 0xFC, 0x00, 0x00, 0xFC, 0x00, 0x00, 0xFE, 0x00, 0x00, 0xFE, 0x00, 0x00, 0x7E,
  0x00, 0x00, 0x7E, 0x00, 0x00, 0x7E, 0x00, 0x00, 0x7C, 0x00, 0x00, 0x38, 0x00, 0x00, 0x00, 0x87,
  0x80, 0x3E, 0xFC, 0x03, 0xEF, 0xC0, 0x7F, 0xFC, 0x07, 0xFF, 0xC0, 0x3F, 0xFC, 0x03, 0xFF, 0xC0,
  0x3F, 0xFC, 0x03, 0xFF, 0xC0, 0x3F, 0xFC, 0x03, 0xFF, 0xC0, 0x3F, 0xFC, 0x03, 0xFF, 0xC0, 0x3F,
  0xFC, 0x03, 0xFF, 0xC0, 0x3F, 0xFC, 0x03, 0xFF, 0xC0, 0x3F, 0xFC, 0x03, 0xFF, 0xE0, 0x7F, 0xFE,
  0x07, 0xF7, 0xF0, 0x7E, 0x7F, 0x8F, 0xE3, 0xFF, 0xFE, 0x3F, 0xFF, 0xC1, 0xFF, 0xFC, 0x0F, 0xFF,
  0x80, 0x3F, 0xF0, 0x00, 0xFC, 0x00, 0x00, 0x00, 0x07, 0x80, 0x1C, 0x7C, 0x03, 0xEF, 0xC0, 0x3F,
  0xFC, 0x03, 0xFF, 0xC0, 0x7F, 0xFC, 0x07, 0xFF, 0xC0, 0x7E, 0xFE, 0x07, 0xE7, 0xE0, 0xFE, 0x7E,
  0x0F, 0xE7, 0xE0, 0xFC, 0x7E, 0x0F, 0xC7, 0xF1, 0xFC, 0x3F, 0x1F, 0xC3, 0xF1, 0xF8, 0x3F, 0x3F,
  0x83, 0xFB, 0xF8, 0x1F, 0xBF, 0x01, 0xFF, 0xF0, 0x1F, 0xFF, 0x00, 0xFF, 0xE0, 0x0F, 0xFE, 0x00,
  0xFF, 0xC0, 0x07, 0xFC, 0x00, 0x7F, 0xC0, 0x07, 0xF8, 0x00, 0x3F, 0x00, 0x01, 0xF0, 0x00, 0x04,
  0x00, 0x00, 0x01, 0x00, 0x00, 0x78, 0x07, 0xC0, 0x0C, 0xFC, 0x07, 0xC0, 0x3E, 0xFC, 0x0F, 0xE0,
  0x3F, 0xFC, 0x0F, 0xE0, 0x3F, 0xFE, 0x0F, 0xC0, 0x3F, 0xFE, 0x0F, 0xC0, 0x7F, 0x7E, 0x0F, 0xC0,
  0x7F, 0x7E, 0x1F, 0xC0, 0x7E, 0x7E, 0x1F, 0xC0, 0x7E, 0x7E, 0x1F, 0xC0, 0x7E, 0x7E, 0x1F, 0xC0,
  0xFE, 0x7E, 0x1F, 0xC0, 0xFE, 0x7F, 0x3F, 0xC0, 0xFC, 0x7F, 0x3F, 0xC0, 0xFC, 0x3F, 0x3F, 0xC1,
  0xFC, 0x3F, 0x3F, 0xE1, 0xFC, 0x3F, 0x7F, 0xE1, 0xF8, 0x3F, 0x7F, 0xE1, 0xF8, 0x3F, 0xFF, 0xE3,
  0xF8, 0x1F, 0xFF, 0xE3, 0xF8, 0x1F, 0xFF, 0xF3, 0xF0, 0x1F, 0xFF, 0xF7, 0xF0, 0x1F, 0xFF, 0xFF,
  0xE0, 0x1F, 0xFF, 0xFF, 0xE0, 0x0F, 0xF9, 0xFF, 0xC0, 0x0F, 0xF9, 0xFF, 0xC0, 0x07, 0xF0, 0xFF,
  0x80, 0x07, 0xF0, 0x7F, 0x00, 0x03, 0xE0, 0x3E, 0x00, 0x00, 0x00, 0x00, 0x00, 0x00, 0x00, 0x00,
  0xC0, 0x07, 0x8F, 0x80, 0x7E, 0xFC, 0x07, 0xF7, 0xF0, 0x3F, 0xBF, 0x83, 0xF8, 0xFE, 0x3F, 0xC7,
  0xF9, 0xFC, 0x1F, 0xDF, 0xC0, 0x7F, 0xFE, 0x03, 0xFF, 0xE0, 0x0F, 0xFF, 0x00, 0x7F, 0xF0, 0x01,
  0xFF, 0x00, 0x0F, 0xF8, 0x00, 0x3F, 0x80, 0x01, 0xFC, 0x00, 0x1F, 0xE0, 0x01, 0xFF, 0x80, 0x1F,
  0xFE, 0x00, 0xFF, 0xF0, 0x0F, 0xFF, 0xC0, 0xFF, 0xFF, 0x07, 0xF3, 0xFC, 0x7F, 0x8F, 0xF3, 0xF8,
  0x7F, 0xFF, 0x81, 0xFF, 0xFC, 0x07, 0xFF, 0xC0, 0x1F, 0xFC, 0x00, 0x79, 0xE0, 0x00, 0x00, 0x00,
  0x00, 0x00, 0x00, 0x00, 0x38, 0x38, 0x00, 0x7C, 0x7C, 0x00, 0xFE, 0xFC, 0x01, 0xFE, 0xFE, 0x03,
  0xFC, 0x7F, 0x03, 0xF8, 0x7F, 0x07, 0xF8, 0x3F, 0x8F, 0xF0, 0x3F, 0xCF, 0xE0, 0x1F, 0xFF, 0xC0,
  0x0F, 0xFF, 0xC0, 0x0F, 0xFF, 0x80, 0x07, 0xFF, 0x80, 0x03, 0xFF, 0x00, 0x01, 0xFE, 0x00, 0x00,
  0xFE, 0x00, 0x00, 0xFE, 0x00, 0x01, 0xFC, 0x00, 0x01, 0xFC, 0x00, 0x01, 0xF8, 0x00, 0x03, 0xF8,
  0x00, 0x03, 0xF8, 0x00, 0x03, 0xF0, 0x00, 0x07, 0xF0, 0x00, 0x07, 0xF0, 0x00, 0x07, 0xE0, 0x00,
  0x07, 0xE0, 0x00, 0x07, 0xE0, 0x00, 0x07, 0xC0, 0x00, 0x03, 0xC0, 0x00, 0x00, 0x1F, 0x00, 0xFF,
  0xFE, 0x0F, 0xFF, 0xF0, 0x7F, 0xFF, 0xC3, 0xFF, 0xFE, 0x1F, 0xFF, 0xE0, 0x7F, 0xFF, 0x00, 0x07,
  0xF0, 0x00, 0x7F, 0x80, 0x07, 0xF8, 0x00, 0x3F, 0x80, 0x03, 0xF8, 0x00, 0x3F, 0xC0, 0x01, 0xFC,
  0x00, 0x1F, 0xE0, 0x00, 0xFE, 0x00, 0x0F, 0xE0, 0x00, 0x7F, 0x00, 0x07, 0xF0, 0x00, 0x7F, 0x80,
  0x03, 0xF8, 0x00, 0x3F, 0x80, 0x01, 0xFC, 0x00, 0x1F, 0xC0, 0x00, 0xFE, 0x00, 0x07, 0xFF, 0xFF,
  0x3F, 0xFF, 0xF9, 0xFF, 0xFF, 0xEF, 0xFF, 0xFF, 0x3F, 0xFF, 0xF0, 0x7F, 0xFF, 0x00, 0x3F, 0xC7,
  0xFC, 0x7F, 0xEF, 0xFE, 0xFF, 0xCF, 0xF8, 0xFC, 0x0F, 0xC0, 0xFC, 0x0F, 0xC0, 0xFE, 0x0F, 0xE0,
  0xFE, 0x0F, 0xE0, 0x7E, 0x07, 0xE0, 0x7E, 0x07, 0xE0, 0x7E, 0x07, 0xE0, 0x7E, 0x07, 0xE0, 0x7E,
  0x07, 0xE0, 0x7E, 0x07, 0xE0, 0x7E, 0x07, 0xE0, 0x7F, 0xE7, 0xFE, 0x7F, 0xF7, 0xFF, 0x3F, 0xE1,
  0xFC, 0x78, 0x00, 0x7E, 0x00, 0x3F, 0x00, 0x1F, 0x80, 0x0F, 0xE0, 0x03, 0xF0, 0x01, 0xF8, 0x00,
  0xFE, 0x00, 0x3F, 0x00, 0x1F, 0xC0, 0x0F, 0xE0, 0x03, 0xF0, 0x01, 0xFC, 0x00, 0xFE, 0x00, 0x3F,
  0x00, 0x1F, 0xC0, 0x0F, 0xE0, 0x03, 0xF0, 0x01, 0xFC, 0x00, 0xFE, 0x00, 0x3F, 0x00, 0x1F, 0xC0,
  0x0F, 0xE0, 0x03, 0xF0, 0x01, 0xFC, 0x00, 0x7E, 0x00, 0x3F, 0x80, 0x1F, 0xC0, 0x07, 0xE0, 0x03,
  0xF8, 0x00, 0xFC, 0x00, 0x7E, 0x00, 0x1F, 0x00, 0x07, 0x00, 0x7F, 0x9F, 0xFB, 0xFF, 0xFF, 0xF7,
  0xFE, 0x7F, 0xC1, 0xF8, 0x3F, 0x07, 0xE0, 0xFC, 0x1F, 0x83, 0xF0, 0x7E, 0x0F, 0xC1, 0xF8, 0x3F,
  0x07, 0xE0, 0xFC, 0x1F, 0x83, 0xF0, 0x7E, 0x0F, 0xC1, 0xF8, 0x3F, 0x07, 0xE0, 0xFC, 0x1F, 0x83,
  0xF3, 0xFE, 0xFF, 0xDF, 0xFB, 0xFF, 0x7F, 0xE3, 0xF8, 0x00, 0x00, 0x0F, 0x80, 0x3F, 0x80, 0xFF,
  0x01, 0xFF, 0x07, 0xFE, 0x0F, 0xFE, 0x3F, 0xFC, 0x7F, 0xFC, 0xFF, 0xFB, 0xFB, 0xFF, 0xE7, 0xFF,
  0xC7, 0xEF, 0x8F, 0x84, 0x06, 0x00, 0x00, 0x00, 0x0C, 0x1F, 0xFF, 0xFF, 0x9F, 0xFF, 0xFF, 0xCF,
  0xFF, 0xFF, 0xE7, 0xFF, 0xFF, 0xF3, 0xFF, 0xFF, 0xF8, 0xFF, 0xFF, 0xF0, 0x00, 0x00, 0x18, 0x00,
  0x3F, 0xC0, 0x1F, 0xFC, 0x07, 0xFF, 0xE1, 0xFF, 0xFC, 0x3F, 0xFF, 0xCF, 0xFF, 0xFB, 0xFC, 0x7F,
  0x7F, 0x1F, 0xEF, 0xC3, 0xFF, 0xF8, 0xFF, 0xFE, 0x1F, 0xFF, 0xC7, 0xFF, 0xF9, 0xFF, 0xFF, 0x7F,
  0xFF, 0xFF, 0xFF, 0xFF, 0xFF, 0xEF, 0xFF, 0xFD, 0xFF, 0xDF, 0x9F, 0xF3, 0xF1, 0xF8, 0x3C, 0x00,
  0x00, 0x00, 0x1C, 0x00, 0x07, 0xC0, 0x01, 0xFC, 0x00, 0x3F, 0x80, 0x07, 0xE0, 0x00, 0xFC, 0x00,
  0x1F, 0x80, 0x03, 0xF0, 0x00, 0x7E, 0x00, 0x0F, 0xCF, 0xC1, 0xFF, 0xFC, 0x3F, 0xFF, 0xC7, 0xFF,
  0xFC, 0xFF, 0xFF, 0x9F, 0xFF, 0xF3, 0xFF, 0x7E, 0x7F, 0xCF, 0xEF, 0xF9, 0xFD, 0xFE, 0x3F, 0xBF,
  0xC7, 0xF7, 0xF8, 0xFE, 0xFF, 0x1F, 0x9F, 0xC3, 0xF3, 0xF8, 0xFE, 0x7F, 0xBF, 0xCF, 0xFF, 0xF1,
  0xFF, 0xFE, 0x1F, 0xFF, 0x83, 0xFF, 0xE0, 0x0F, 0xF8, 0x00, 0x7C, 0x00, 0x00, 0xC0, 0x1F, 0xC0,
  0xFF, 0x87, 0xFF, 0x3F, 0xFC, 0xFF, 0xF7, 0xFF, 0xDF, 0xDE, 0xFE, 0x03, 0xF8, 0x0F, 0xC0, 0x3F,
  0x0C, 0xFC, 0x7F, 0xF3, 0xFF, 0xCF, 0xFF, 0xBF, 0xFF, 0xFD, 0xFF, 0xF7, 0xFF, 0x8F, 0xFE, 0x1F,
  0xE0, 0x1F, 0x00, 0x00, 0x00, 0x00, 0x00, 0x00, 0x00, 0xF0, 0x00, 0x3F, 0x00, 0x07, 0xE0, 0x00,
  0xFC, 0x00, 0x1F, 0x80, 0x03, 0xF0, 0x03, 0xFE, 0x01, 0xFF, 0xC0, 0xFF, 0xF8, 0x3F, 0xFF, 0x0F,
  0xFF, 0xE3, 0xFF, 0xFC, 0x7F, 0xFF, 0x9F, 0xEF, 0xF3, 0xF9, 0xFE, 0xFE, 0x7F, 0xDF, 0xCF, 0xFB,
  0xF1, 0xFF, 0x7E, 0x7F, 0xEF, 0xCF, 0xFD, 0xFB, 0xFF, 0xBF, 0x7F, 0xF7, 0xFF, 0xFE, 0x7F, 0xFF,
  0xCF, 0xFF, 0xF9, 0xFF, 0xBF, 0x9F, 0xE7, 0xE1, 0xF8, 0x7C, 0x0C, 0x07, 0x00, 0x03, 0xF0, 0x03,
  0xFE, 0x01, 0xFF, 0xE0, 0xFF, 0xF8, 0x3F, 0xFF, 0x1F, 0xFF, 0xC7, 0xF7, 0xF3, 0xFF, 0xF8, 0xFF,
  0xFE, 0x3F, 0xFF, 0x8F, 0xFF, 0xC3, 0xFF, 0xE0, 0xFF, 0xE7, 0xBF, 0x83, 0xEF, 0xF3, 0xFD, 0xFF,
  0xFF, 0x7F, 0xFF, 0x8F, 0xFF, 0xE1, 0xFF, 0xF0, 0x3F, 0xF0, 0x03, 0xF0, 0x00, 0x00, 0x1F, 0x00,
  0x1F, 0xF8, 0x07, 0xFF, 0x01, 0xFF, 0xF0, 0x3F, 0xFE, 0x0F, 0xFF, 0xC1, 0xFC, 0xF0, 0x3F, 0x0C,
  0x0F, 0xE0, 0x03, 0xFC, 0x01, 0xFF, 0xFC, 0x3F, 0xFF, 0x87, 0xFF, 0xF8, 0xFF, 0xFF, 0x1F, 0xFF,
  0xC0, 0xFF, 0xF0, 0x0F, 0xC0, 0x01, 0xF8, 0x00, 0x3F, 0x00, 0x07, 0xE0, 0x00, 0xFC, 0x00, 0x1F,
  0x80, 0x03, 0xF0, 0x00, 0x7E, 0x00, 0x0F, 0xC0, 0x01, 0xF8, 0x00, 0x3F, 0x00, 0x07, 0xE0, 0x00,
  0x7C, 0x00, 0x07, 0x00, 0x00, 0x00, 0x00, 0x00, 0x00, 0x00, 0x1F, 0xE0, 0x0F, 0xFE, 0x03, 0xFF,
  0xE0, 0xFF, 0xFC, 0x3F, 0xFF, 0xCF, 0xFF, 0xF9, 0xFE, 0x7F, 0x7F, 0x8F, 0xEF, 0xE3, 0xFD, 0xF8,
  0x7F, 0xFF, 0x0F, 0xFF, 0xC3, 0xFF, 0xF8, 0xFF, 0xFF, 0x1F, 0xFF, 0xEF, 0xFF, 0xFF, 0xFF, 0xFF,
  0xFF, 0xFF, 0xFF, 0xFF, 0xBF, 0xFB, 0xF7, 0xFE, 0x7E, 0x7F, 0x9F, 0xC3, 0x83, 0xF8, 0x00, 0x7E,
  0x00, 0x0F, 0xC6, 0x03, 0xFB, 0xF0, 0xFF, 0x7F, 0x3F, 0xCF, 0xFF, 0xF9, 0xFF, 0xFE, 0x1F, 0xFF,
  0x81, 0xFF, 0xE0, 0x0F, 0xF8, 0x00, 0x7C, 0x00, 0x38, 0x00, 0x0F, 0x80, 0x03, 0xF0, 0x00, 0x7F,
  0x00, 0x0F, 0xE0, 0x01, 0xFC, 0x00, 0x3F, 0x80, 0x07, 0xF0, 0x00, 0xFC, 0x00, 0x1F, 0x8F, 0x83,
  0xF3, 0xF8, 0x7E, 0xFF, 0x8F, 0xFF, 0xF9, 0xFF, 0xFF, 0x3F, 0xFF, 0xE7, 0xFF, 0xFE, 0xFF, 0xDF,
  0xDF, 0xF9, 0xFB, 0xFE, 0x3F, 0x7F, 0xC7, 0xEF, 0xF0, 0xFD, 0xFE, 0x1F, 0xFF, 0xC3, 0xFF, 0xF0,
  0x3F, 0xFE, 0x07, 0xFF, 0xC0, 0xFF, 0xF0, 0x1F, 0xFE, 0x03, 0xF7, 0x80, 0x3C, 0x60, 0x00, 0x00,
  0x7B, 0xFF, 0xFF, 0xFF, 0xE7, 0x80, 0x00, 0x07, 0xBF, 0xFF, 0xFF, 0xFF, 0xFF, 0xFF, 0xFF, 0xFF,
  0xFF, 0xFF, 0xFF, 0xFF, 0xFF, 0x7C, 0xC0, 0x00, 0x00, 0x1E, 0x00, 0x0F, 0x80, 0x0F, 0xC0, 0x07,
  0xE0, 0x03, 0xF0, 0x00, 0xF0, 0x00, 0x10, 0x00, 0x00, 0x00, 0x00, 0x00, 0x07, 0x00, 0x07, 0xC0,
  0x07, 0xE0, 0x03, 0xF0, 0x01, 0xF8, 0x00, 0xFC, 0x00, 0x7E, 0x00, 0x3F, 0x00, 0x1F, 0x80, 0x0F,
  0xC0, 0x07, 0xE0, 0x03, 0xF0, 0x01, 0xF8, 0x00, 0xFC, 0x00, 0x7E, 0x00, 0x3F, 0x00, 0x1F, 0x80,
  0x0F, 0xC0, 0x07, 0xE0, 0x03, 0xF0, 0x01, 0xF8, 0x01, 0xFC, 0x00, 0xFE, 0x78, 0xFE, 0x7F, 0xFF,
  0x3F, 0xFF, 0x1F, 0xFF, 0x8F, 0xFF, 0x83, 0xFF, 0x80, 0x7E, 0x00, 0x38, 0x00, 0x07, 0xC0, 0x00,
  0xFC, 0x00, 0x0F, 0xC0, 0x00, 0xFC, 0x00, 0x0F, 0xC0, 0x00, 0xFC, 0x00, 0x0F, 0xC0, 0x00, 0xFC,
  0x00, 0x0F, 0xC1, 0xF0, 0xFC, 0x3F, 0x0F, 0xC7, 0xF0, 0xFC, 0xFF, 0x0F, 0xDF, 0xF0, 0xFF, 0xFE,
  0x0F, 0xFF, 0xC0, 0xFF, 0xF8, 0x0F, 0xFF, 0x00, 0xFF, 0xE0, 0x0F, 0xFE, 0x00, 0xFF, 0xF0, 0x0F,
  0xFF, 0xC0, 0xFF, 0xFF, 0x0F, 0xFF, 0xFC, 0xFC, 0xFF, 0xEF, 0xC7, 0xFF, 0xFC, 0x3F, 0xF7, 0xC0,
  0xFE, 0x78, 0x03, 0xE0, 0x79, 0xFF, 0xFF, 0xFF, 0xFF, 0xFF, 0xFF, 0xFF, 0xFF, 0xFF, 0xFF, 0xFF,
  0xFF, 0xFF, 0xFF, 0xFF, 0xFF, 0xFF, 0xFF, 0xFF, 0xFF, 0x78, 0x00, 0x38, 0x00, 0x00, 0x07, 0xC0,
  0x00, 0x00, 0xFC, 0x7E, 0x1F, 0x8F, 0xFF, 0xF7, 0xFC, 0xFF, 0xFF, 0xFF, 0xEF, 0xFF, 0xFF, 0xFE,
  0xFF, 0xFF, 0xFF, 0xEF, 0xFF, 0xFF, 0xFE, 0xFF, 0xFF, 0xFF, 0xFF, 0xFD, 0xFF, 0x7F, 0xFF, 0xDF,
  0xF3, 0xFF, 0xF9, 0xFE, 0x3F, 0xFF, 0x9F, 0xE3, 0xFF, 0xF1, 0xFC, 0x3F, 0xFF, 0x1F, 0xC3, 0xFF,
  0xF1, 0xFC, 0x3F, 0xFE, 0x1F, 0xC3, 0xFF, 0xE1, 0xFC, 0x3F, 0x7E, 0x1F, 0x83, 0xF7, 0xC1, 0xF8,
  0x3F, 0x00, 0x0F, 0x01, 0xE0, 0x00, 0x00, 0x00, 0x38, 0x00, 0x0F, 0x80, 0x03, 0xF0, 0xFC, 0x7F,
  0x7F, 0xC7, 0xFF, 0xF8, 0xFF, 0xFF, 0x9F, 0xFF, 0xF3, 0xFF, 0xFE, 0x7F, 0xFF, 0xCF, 0xFD, 0xFD,
  0xFF, 0x3F, 0xBF, 0xE7, 0xF7, 0xF8, 0xFE, 0xFF, 0x1F, 0xDF, 0xC3, 0xFB, 0xF8, 0x7F, 0x7F, 0x07,
  0xEF, 0xC0, 0xFD, 0xF8, 0x1F, 0xBF, 0x03, 0xF7, 0xE0, 0x7E, 0xF8, 0x07, 0x84, 0x00, 0x00, 0x03,
  0xF0, 0x07, 0xFC, 0x07, 0xFE, 0x07, 0xFF, 0x83, 0xFF, 0xE3, 0xFF, 0xF9, 0xFF, 0xFD, 0xFC, 0xFF,
  0xFE, 0x3F, 0xFE, 0x0F, 0xFF, 0x07, 0xFF, 0x83, 0xFF, 0xC1, 0xFF, 0xE1, 0xFF, 0xF9, 0xFF, 0xFF,
  0xFE, 0x7F, 0xFF, 0x3F, 0xFF, 0x0F, 0xFF, 0x03, 0xFF, 0x00, 0xFF, 0x00, 0x0C, 0x00, 0x38, 0x00,
  0x07, 0xC1, 0xE0, 0x7C, 0x7F, 0x8F, 0xFF, 0xFC, 0xFF, 0xFF, 0xCF, 0xFF, 0xFE, 0x7F, 0xFF, 0xE7,
  0xFF, 0xFE, 0x7F, 0xE7, 0xE7, 0xFC, 0x7E, 0x7F, 0xC7, 0xE7, 0xF8, 0x7E, 0x7F, 0x87, 0xE7, 0xF0,
  0x7E, 0x7F, 0x07, 0xE7, 0xF0, 0xFE, 0x7F, 0x1F, 0xE7, 0xFF, 0xFC, 0x7F, 0xFF, 0xC7, 0xFF, 0xF8,
  0x7F, 0xFF, 0x07, 0xFF, 0xE0, 0xFF, 0xF8, 0x0F, 0xE0, 0x00, 0xFE, 0x00, 0x0F, 0xE0, 0x00, 0xFE,
  0x00, 0x07, 0xE0, 0x00, 0x7C, 0x00, 0x03, 0x80, 0x00, 0x00, 0x00, 0x00, 0x00, 0xFC, 0x00, 0xFF,
  0xC0, 0x7F, 0xF0, 0x3F, 0xFE, 0x1F, 0xFF, 0xCF, 0xFF, 0xF3, 0xFD, 0xFD, 0xFE, 0x7F, 0x7F, 0x1F,
  0xFF, 0x87, 0xFF, 0xE3, 0xFF, 0xF0, 0xFF, 0xFC, 0x7F, 0xFF, 0x1F, 0xFF, 0xCF, 0xFF, 0xFF, 0xFE,
  0xFF, 0xFF, 0x9F, 0xFF, 0xE7, 0xFF, 0xF8, 0xFF, 0xFE, 0x3F, 0xDF, 0x83, 0xC7, 0xE0, 0x01, 0xF8,
  0x00, 0x7E, 0x00, 0x1F, 0x80, 0x07, 0xE0, 0x01, 0xF8, 0x00, 0x7E, 0x00, 0x0F, 0x00, 0x00, 0x00,
  0x00, 0x00, 0x38, 0x00, 0x1F, 0x0C, 0x0F, 0xDF, 0xC3, 0xFF, 0xF8, 0xFF, 0xFF, 0x3F, 0xFF, 0xEF,
  0xFF, 0xFB, 0xFF, 0xFE, 0xFF, 0x9F, 0xBF, 0xE3, 0xCF, 0xF0, 0x63, 0xFC, 0x00, 0xFE, 0x00, 0x3F,
  0x80, 0x0F, 0xE0, 0x03, 0xF8, 0x00, 0xFE, 0x00, 0x3F, 0x80, 0x07, 0xE0, 0x01, 0xF0, 0x00, 0x18,
  0x00, 0x00, 0x00, 0x00, 0x01, 0xF0, 0x07, 0xFE, 0x07, 0xFF, 0x87, 0xFF, 0xE7, 0xFF, 0xF3, 0xFF,
  0xF9, 0xFE, 0xFC, 0xFE, 0x3E, 0x7F, 0xE4, 0x3F, 0xFC, 0x0F, 0xFF, 0x03, 0xFF, 0xC0, 0xFF, 0xF0,
  0x1F, 0xF9, 0xE1, 0xFD, 0xF8, 0x7F, 0xFC, 0x3F, 0x7F, 0xFF, 0xBF, 0xFF, 0xCF, 0xFF, 0xC3, 0xFF,
  0xE0, 0xFF, 0xC0, 0x3F, 0xC0, 0x00, 0x00, 0x07, 0xC0, 0x07, 0xE0, 0x03, 0xF0, 0x01, 0xF8, 0x03,
  0xFF, 0x83, 0xFF, 0xE1, 0xFF, 0xF0, 0xFF, 0xFC, 0x7F, 0xFC, 0x1F, 0xFC, 0x03, 0xF0, 0x01, 0xF8,
  0x00, 0xFC, 0x00, 0x7E, 0x00, 0x3F, 0x00, 0x1F, 0x80, 0x0F, 0xC0, 0x07, 0xEF, 0x03, 0xF7, 0xC1,
  0xFF, 0xE0, 0xFF, 0xF0, 0x7F, 0xF8, 0x1F, 0xFC, 0x0F, 0xFC, 0x03, 0xFE, 0x00, 0xFC, 0x00, 0x00,
  0x00, 0x00, 0x00, 0x0F, 0x03, 0x87, 0xC1, 0xF1, 0xF8, 0x7E, 0x7E, 0x1F, 0xBF, 0x8F, 0xEF, 0xE3,
  0xFB, 0xF0, 0xFE, 0xFC, 0x3F, 0xBF, 0x0F, 0xEF, 0xC3, 0xFB, 0xF1, 0xFE, 0xFC, 0x7F, 0xBF, 0x1F,
  0xEF, 0xEF, 0xF9, 0xFF, 0xFE, 0x7F, 0xFF, 0x9F, 0xFF, 0xF3, 0xFF, 0xFC, 0x7F, 0xBF, 0x07, 0x87,
  0x80, 0x00, 0x00, 0x00, 0x00, 0x1E, 0x03, 0xCF, 0xC0, 0xFB, 0xF0, 0x7E, 0xFC, 0x1F, 0xBF, 0x07,
  0xEF, 0xE1, 0xFB, 0xF8, 0xFE, 0x7E, 0x3F, 0x9F, 0x8F, 0xC7, 0xE3, 0xF1, 0xFD, 0xFC, 0x7F, 0x7E,
  0x0F, 0xFF, 0x83, 0xFF, 0xE0, 0xFF, 0xF0, 0x1F, 0xFC, 0x07, 0xFE, 0x00, 0xFF, 0x00, 0x1F, 0x80,
  0x03, 0xC0, 0x00, 0x00, 0x00, 0x00, 0x3C, 0x1E, 0x07, 0xBF, 0x1F, 0x87, 0xFF, 0x8F, 0xC3, 0xFF,
  0xC7, 0xF1, 0xFF, 0xE3, 0xF9, 0xFF, 0xF3, 0xFC, 0xFF, 0xFD, 0xFE, 0x7E, 0x7E, 0xFF, 0x3F, 0x3F,
  0x7F, 0x9F, 0x9F, 0xFF, 0xDF, 0xCF, 0xFF, 0xFF, 0xC7, 0xFF, 0xFF, 0xE3, 0xFF, 0xFF, 0xF1, 0xFF,
  0xFF, 0xF8, 0xFF, 0xFF, 0xF8, 0x3F, 0xFF, 0xFC, 0x1F, 0xF7, 0xFC, 0x0F, 0xFB, 0xFE, 0x03, 0xF8,
  0xFE, 0x00, 0xF8, 0x3E, 0x00, 0x10, 0x04, 0x00, 0x00, 0x00, 0x06, 0x01, 0x03, 0xE1, 0xF1, 0xF8,
  0xFE, 0x7F, 0x3F, 0x9F, 0xFF, 0xE3, 0xFF, 0xF0, 0x7F, 0xF8, 0x1F, 0xFC, 0x03, 0xFE, 0x00, 0xFF,
  0x80, 0x1F, 0xC0, 0x0F, 0xF8, 0x07, 0xFF, 0x01, 0xFF, 0xC0, 0xFF, 0xF8, 0x3F, 0xFF, 0x1F, 0xDF,
  0xE7, 0xF3, 0xFD, 0xF8, 0x7F, 0x7E, 0x0F, 0xDF, 0x81, 0xE3, 0x80, 0x00, 0x00, 0x00, 0x0E, 0x00,
  0x07, 0xC0, 0x7B, 0xF0, 0x3E, 0xFC, 0x0F, 0xFF, 0x07, 0xFF, 0xC1, 0xFF, 0xF0, 0x7F, 0xFC, 0x1F,
  0xBF, 0x07, 0xEF, 0xC1, 0xFB, 0xF0, 0xFE, 0xFE, 0x3F, 0xBF, 0x8F, 0xE7, 0xE7, 0xFD, 0xFF, 0xFF,
  0x7F, 0xFF, 0xCF, 0xFF, 0xF1, 0xFF, 0xF8, 0x3F, 0xFE, 0x07, 0xFF, 0x80, 0x07, 0xE0, 0x01, 0xF8,
  0x00, 0x7E, 0x78, 0x1F, 0xBF, 0x8F, 0xEF, 0xFF, 0xF3, 0xFF, 0xFC, 0xFF, 0xFE, 0x1F, 0xFF, 0x01,
  0xFF, 0x80, 0x1F, 0x80, 0x3F, 0xF0, 0x3F, 0xFE, 0x1F, 0xFF, 0x8F, 0xFF, 0xC7, 0xFF, 0xF1, 0xFF,
  0xF8, 0x03, 0xF8, 0x03, 0xFC, 0x03, 0xFC, 0x03, 0xFE, 0x03, 0xFE, 0x03, 0xFE, 0x03, 0xFE, 0x01,
  0xFE, 0x01, 0xFE, 0x01, 0xFF, 0x7C, 0xFF, 0xFF, 0x7F, 0xFF, 0xFF, 0xFF, 0xFF, 0xFF, 0xF7, 0xFF,
  0xF0, 0x7F, 0xE0, 0x00, 0x00, 0x00, 0x0F, 0xC0, 0x07, 0xF8, 0x03, 0xFF, 0x01, 0xFF, 0xC0, 0x7F,
  0xF0, 0x3F, 0xF8, 0x0F, 0xC0, 0x03, 0xF0, 0x00, 0xFC, 0x00, 0x3F, 0x00, 0x1F, 0xC0, 0x07, 0xF0,
  0x01, 0xF8, 0x01, 0xFE, 0x00, 0xFF, 0x80, 0x7F, 0xC0, 0x1F, 0xF0, 0x07, 0xFC, 0x00, 0xFF, 0x80,
  0x1F, 0xE0, 0x01, 0xF8, 0x00, 0x7E, 0x00, 0x1F, 0x80, 0x07, 0xE0, 0x01, 0xF8, 0x00, 0x7F, 0x00,
  0x1F, 0xC0, 0x03, 0xFF, 0x00, 0xFF, 0xE0, 0x3F, 0xF8, 0x07, 0xFF, 0x00, 0xFF, 0x80, 0x1F, 0xE0,
  0x00, 0x40, 0x38, 0xFB, 0xF7, 0xEF, 0xDF, 0xBF, 0x7E, 0xFD, 0xFB, 0xF7, 0xEF, 0xDF, 0xBF, 0x7E,
  0xFF, 0xFF, 0xFF, 0xFF, 0xFF, 0xFF, 0xFF, 0xFF, 0xFF, 0xFF, 0xFF, 0xFF, 0xFF, 0xFF, 0xFF, 0xFF,
  0xFF, 0xFF, 0xFF, 0xFF, 0xBF, 0x7C, 0x70, 0x00, 0x3F, 0x00, 0x3F, 0xC0, 0x3F, 0xF8, 0x1F, 0xFC,
  0x07, 0xFF, 0x03, 0xFF, 0x80, 0x0F, 0xC0, 0x07, 0xE0, 0x03, 0xF8, 0x01, 0xFC, 0x00, 0xFE, 0x00,
  0x7F, 0x00, 0x1F, 0x80, 0x0F, 0xE0, 0x07, 0xFC, 0x03, 0xFE, 0x00, 0xFF, 0x80, 0x7F, 0xC0, 0x7F,
  0xC0, 0x3F, 0xC0, 0x3F, 0x80, 0x1F, 0xC0, 0x0F, 0xC0, 0x07, 0xE0, 0x03, 0xF0, 0x01, 0xF8, 0x00,
  0xFC, 0x07, 0xFE, 0x07, 0xFE, 0x07, 0xFF, 0x03, 0xFF, 0x01, 0xFF, 0x80, 0x7F, 0x80, 0x06, 0x00,
  0x00, 0x00, 0x00, 0x30, 0x00, 0x03, 0xE0, 0xFC, 0x0F, 0xC7, 0xFC, 0x3F, 0x3F, 0xFC, 0xFD, 0xFF,
  0xFF, 0xF7, 0xFF, 0xFF, 0xFF, 0xFF, 0xFE, 0xFC, 0x7F, 0xF3, 0xF0, 0x7F, 0x87, 0xC0, 0x7C, 0x00,
  0x00, 0x00, 0x01, 0xEF, 0xFF, 0xFF, 0xF7, 0x80, 0x0C, 0x00, 0x00, 0x30, 0x00, 0x01, 0x80, 0x00,
  0x06, 0x00, 0x00, 0x30, 0x00, 0x00, 0xC0, 0x00, 0x00, 0x00, 0x00, 0x00, 0x00, 0x3E, 0x00, 0x0F,
  0xF0, 0x01, 0xFF, 0x80, 0x3F, 0xF8, 0x03, 0xFF, 0xC0, 0x7F, 0xFC, 0x0F, 0xFF, 0xC0, 0xFE, 0xFE,
  0x0F, 0xC7, 0xE1, 0xFC, 0x7E, 0x1F, 0x87, 0xE1, 0xF8, 0x7E, 0x3F, 0x87, 0xE3, 0xF0, 0x7E, 0x3F,
  0x7F, 0xE3, 0xFF, 0xFE, 0x7F, 0xFF, 0xF7, 0xFF, 0xFF, 0x7F, 0xFF, 0xF7, 0xFF, 0xFF, 0x7F, 0xFF,
  0xFF, 0xE0, 0x3F, 0xFE, 0x03, 0xFF, 0xC0, 0x3F, 0xFC, 0x03, 0xFF, 0xC0, 0x3F, 0xFC, 0x03, 0xFF,
  0x80, 0x1F, 0x30, 0x00, 0xE0, 0x00, 0x0C, 0x00, 0x03, 0x00, 0x00, 0x60, 0x00, 0x18, 0x00, 0x03,
  0x00, 0x00, 0xC0, 0x00, 0x00, 0x00, 0x00, 0x00, 0x00, 0x00, 0x3E, 0x00, 0x0F, 0xF0, 0x01, 0xFF,
  0x80, 0x3F, 0xF8, 0x03, 0xFF, 0xC0, 0x7F, 0xFC, 0x0F, 0xFF, 0xC0, 0xFE, 0xFE, 0x0F, 0xC7, 0xE1,
  0xFC, 0x7E, 0x1F, 0x87, 0xE1, 0xF8, 0x7E, 0x3F, 0x87, 0xE3, 0xF0, 0x7E, 0x3F, 0x7F, 0xE3, 0xFF,
  0xFE, 0x7F, 0xFF, 0xF7, 0xFF, 0xFF, 0x7F, 0xFF, 0xF7, 0xFF, 0xFF, 0x7F, 0xFF, 0xFF, 0xE0, 0x3F,
  0xFE, 0x03, 0xFF, 0xC0, 0x3F, 0xFC, 0x03, 0xFF, 0xC0, 0x3F, 0xFC, 0x03, 0xFF, 0x80, 0x1F, 0x30,
  0x00, 0xE0, 0x00, 0x00, 0x00, 0x1F, 0xE0, 0x07, 0xFF, 0x00, 0xFF, 0xF8, 0x0F, 0xFF, 0xC1, 0xFF,
  0xFC, 0x1F, 0xFF, 0xE3, 0xF8, 0xFE, 0x3F, 0x07, 0xE7, 0xF0, 0x7E, 0x7F, 0x07, 0xE7, 0xE0, 0x3E,
  0x7E, 0x01, 0xC7, 0xE0, 0x00, 0x7E, 0x00, 0x0F, 0xE0, 0x00, 0xFE, 0x00, 0x0F, 0xE0, 0x3C, 0xFE,
  0x07, 0xEF, 0xE0, 0x7E, 0x7E, 0x07, 0xE7, 0xE0, 0x7E, 0x7F, 0x07, 0xE7, 0xF8, 0xFE, 0x3F, 0xFF,
  0xE3, 0xFF, 0xFC, 0x1F, 0xFF, 0xC0, 0xFF, 0xF8, 0x07, 0xFF, 0x00, 0x1F, 0xC0, 0x00, 0x00, 0x00,
  0x01, 0x80, 0x00, 0x60, 0x00, 0x0C, 0x00, 0x03, 0x00, 0x00, 0xC0, 0x00, 0x30, 0x00, 0x00, 0x06,
  0x00, 0x00, 0x0C, 0x00, 0x00, 0x30, 0x00, 0x00, 0x60, 0x00, 0x01, 0x80, 0x00, 0x03, 0x00, 0x00,
  0x00, 0x00, 0x00, 0x00, 0x3F, 0xFF, 0x03, 0xFF, 0xFC, 0x3F, 0xFF, 0xE1, 0xFF, 0xFF, 0x0F, 0xFF,
  0xF8, 0x3F, 0xFF, 0x80, 0xFC, 0x00, 0x07, 0xE0, 0x00, 0x3F, 0x00, 0x01, 0xF8, 0x00, 0x0F, 0xC0,
  0x00, 0x7E, 0x18, 0x03, 0xFF, 0xF0, 0x1F, 0xFF, 0x80, 0xFF, 0xFC, 0x07, 0xFF, 0xE0, 0x3F, 0xFE,
  0x01, 0xFF, 0xC0, 0x0F, 0xC0, 0x00, 0x7E, 0x00, 0x03, 0xF0, 0x00, 0x1F, 0x80, 0x00, 0xFE, 0x07,
  0x07, 0xFF, 0xFC, 0x1F, 0xFF, 0xE0, 0xFF, 0xFF, 0x03, 0xFF, 0xF8, 0x0F, 0xFF, 0x80, 0x1F, 0xF8,
  0x00, 0x00, 0x00, 0x00, 0x06, 0x00, 0x00, 0xC0, 0x00, 0x0C, 0x00, 0x01, 0x80, 0x00, 0x18, 0x00,
  0x03, 0x00, 0x00, 0x00, 0x00, 0x00, 0x00, 0x00, 0x3F, 0xFF, 0x03, 0xFF, 0xFC, 0x3F, 0xFF, 0xE1,
  0xFF, 0xFF, 0x0F, 0xFF, 0xF8, 0x3F, 0xFF, 0x80, 0xFC, 0x00, 0x07, 0xE0, 0x00, 0x3F, 0x00, 0x01,
  0xF8, 0x00, 0x0F, 0xC0, 0x00, 0x7E, 0x18, 0x03, 0xFF, 0xF0, 0x1F, 0xFF, 0x80, 0xFF, 0xFC, 0x07,
  0xFF, 0xE0, 0x3F, 0xFE, 0x01, 0xFF, 0xC0, 0x0F, 0xC0, 0x00, 0x7E, 0x00, 0x03, 0xF0, 0x00, 0x1F,
  0x80, 0x00, 0xFE, 0x07, 0x07, 0xFF, 0xFC, 0x1F, 0xFF, 0xE0, 0xFF, 0xFF, 0x03, 0xFF, 0xF8, 0x0F,
  0xFF, 0x80, 0x1F, 0xF8, 0x00, 0x00, 0x00, 0x00, 0x18, 0x00, 0x0C, 0x00, 0x0C, 0x00, 0x06, 0x00,
  0x06, 0x00, 0x03, 0x00, 0x00, 0x00, 0x00, 0x00, 0x00, 0x3F, 0xFF, 0x1F, 0xFF, 0xC7, 0xFF, 0xF9,
  0xFF, 0xFE, 0x7F, 0xFF, 0x0F, 0xFF, 0xC0, 0x3F, 0x00, 0x0F, 0xC0, 0x03, 0xF0, 0x00, 0xFC, 0x00,
  0x3F, 0x00, 0x0F, 0xC0, 0x03, 0xF0, 0x00, 0xFC, 0x00, 0x3F, 0x00, 0x0F, 0xC0, 0x03, 0xF0, 0x00,
  0xFC, 0x00, 0x3F, 0x00, 0x1F, 0xC0, 0x07, 0xF0, 0x01, 0xFC, 0x00, 0x7F, 0x00, 0xFF, 0xF0, 0x7F,
  0xFE, 0x1F, 0xFF, 0xC7, 0xFF, 0xF1, 0xFF, 0xF8, 0x3F, 0xFE, 0x00, 0x0C, 0x18, 0x03, 0x06, 0x00,
  0xC1, 0x80, 0x30, 0x60, 0x0C, 0x18, 0x03, 0x06, 0x00, 0x00, 0x00, 0x00, 0x00, 0x3F, 0xFF, 0x1F,
  0xFF, 0xC7, 0xFF, 0xF9, 0xFF, 0xFE, 0x7F, 0xFF, 0x0F, 0xFF, 0xC0, 0x3F, 0x00, 0x0F, 0xC0, 0x03,
  0xF0, 0x00, 0xFC, 0x00, 0x3F, 0x00, 0x0F, 0xC0, 0x03, 0xF0, 0x00, 0xFC, 0x00, 0x3F, 0x00, 0x0F,
  0xC0, 0x03, 0xF0, 0x00, 0xFC, 0x00, 0x3F, 0x00, 0x1F, 0xC0, 0x07, 0xF0, 0x01, 0xFC, 0x00, 0x7F,
  0x00, 0xFF, 0xF0, 0x7F, 0xFE, 0x1F, 0xFF, 0xC7, 0xFF, 0xF1, 0xFF, 0xF8, 0x3F, 0xFE, 0x00, 0x00,
  0xC0, 0x0C, 0x00, 0x00, 0x00, 0x61, 0x86, 0x00, 0x00, 0x00, 0x00, 0x00, 0x00, 0xC0, 0x0C, 0x00,
  0x00, 0x00, 0x00, 0x00, 0x00, 0x78, 0x00, 0x33, 0xF8, 0x03, 0xEF, 0xE0, 0x0F, 0xBF, 0xC0, 0x7F,
  0xFF, 0x81, 0xFB, 0xFE, 0x07, 0xEF, 0xFC, 0x1F, 0xBF, 0xF8, 0x7E, 0xFF, 0xE1, 0xFB, 0xFF, 0xC7,
  0xEF, 0xFF, 0x1F, 0xBF, 0xFE, 0x7E, 0xFF, 0xF9, 0xFB, 0xF7, 0xF7, 0xEF, 0xDF, 0xDF, 0xBF, 0x3F,
  0xFE, 0xFC, 0xFF, 0xFB, 0xF1, 0xFF, 0xEF, 0xC7, 0xFF, 0xBF, 0x0F, 0xFE, 0xFC, 0x3F, 0xFB, 0xF8,
  0x7F, 0xEF, 0xE1, 0xFF, 0xBF, 0x83, 0xFE, 0xFE, 0x07, 0xFF, 0xF8, 0x1F, 0xF7, 0xE0, 0x3F, 0xDF,
  0x00, 0x7E, 0x38, 0x00, 0xF8, 0x06, 0x00, 0x00, 0x06, 0x00, 0x00, 0x06, 0x00, 0x00, 0x0C, 0x00,
  0x00, 0x0C, 0x00, 0x00, 0x0C, 0x00, 0x00, 0x00, 0x00, 0x00, 0x00, 0x03, 0xFE, 0x00, 0x1F, 0xFE,
  0x00, 0x7F, 0xFE, 0x03, 0xFF, 0xFC, 0x1F, 0xFF, 0xF0, 0x7F, 0xFF, 0xE3, 0xFE, 0x7F, 0x8F, 0xE0,
  0x7F, 0x7F, 0x01, 0xFD, 0xFC, 0x03, 0xF7, 0xE0, 0x0F, 0xDF, 0x80, 0x3F, 0x7E, 0x00, 0xFF, 0xF8,
  0x03, 0xFF, 0xE0, 0x1F, 0xFF, 0x00, 0x7F, 0xFC, 0x01, 0xFB, 0xF8, 0x07, 0xEF, 0xE0, 0x3F, 0x9F,
  0x80, 0xFC, 0x7E, 0x07, 0xF1, 0xFC, 0x3F, 0xC7, 0xFF, 0xFE, 0x0F, 0xFF, 0xF0, 0x3F, 0xFF, 0xC0,
  0x7F, 0xFE, 0x00, 0xFF, 0xF0, 0x00, 0xFF, 0x00, 0x00, 0x40, 0x00, 0x00, 0x03, 0x00, 0x00, 0x30,
  0x00, 0x03, 0x00, 0x00, 0x18, 0x00, 0x01, 0x80, 0x00, 0x18, 0x00, 0x00, 0x00, 0x00, 0x00, 0x00,
  0x00, 0x03, 0xFE, 0x00, 0x1F, 0xFE, 0x00, 0x7F, 0xFE, 0x03, 0xFF, 0xFC, 0x1F, 0xFF, 0xF0, 0x7F,
  0xFF, 0xE3, 0xFE, 0x7F, 0x8F, 0xE0, 0x7F, 0x7F, 0x01, 0xFD, 0xFC, 0x03, 0xF7, 0xE0, 0x0F, 0xDF,
  0x80, 0x3F, 0x7E, 0x00, 0xFF, 0xF8, 0x03, 0xFF, 0xE0, 0x1F, 0xFF, 0x00, 0x7F, 0xFC, 0x01, 0xFB,
  0xF8, 0x07, 0xEF, 0xE0, 0x3F, 0x9F, 0x80, 0xFC, 0x7E, 0x07, 0xF1, 0xFC, 0x3F, 0xC7, 0xFF, 0xFE,
  0x0F, 0xFF, 0xF0, 0x3F, 0xFF, 0xC0, 0x7F, 0xFE, 0x00, 0xFF, 0xF0, 0x00, 0xFF, 0x00, 0x00, 0x40,
  0x00, 0x00, 0x0C, 0x00, 0x03, 0x00, 0x00, 0x60, 0x00, 0x18, 0x00, 0x03, 0x00, 0x00, 0xC0, 0x00,
  0x00, 0x00, 0x00, 0x00, 0x00, 0x00, 0x00, 0x87, 0x80, 0x3E, 0xFC, 0x03, 0xEF, 0xC0, 0x7F, 0xFC,
  0x07, 0xFF, 0xC0, 0x3F, 0xFC, 0x03, 0xFF, 0xC0, 0x3F, 0xFC, 0x03, 0xFF, 0xC0, 0x3F, 0xFC, 0x03,
  0xFF, 0xC0, 0x3F, 0xFC, 0x03, 0xFF, 0xC0, 0x3F, 0xFC, 0x03, 0xFF, 0xC0, 0x3F, 0xFC, 0x03, 0xFF,
  0xC0, 0x3F, 0xFC, 0x03, 0xFF, 0xE0, 0x7F, 0xFE, 0x07, 0xF7, 0xF0, 0x7E, 0x7F, 0x8F, 0xE3, 0xFF,
  0xFE, 0x3F, 0xFF, 0xC1, 0xFF, 0xFC, 0x0F, 0xFF, 0x80, 0x3F, 0xF0, 0x00, 0xFC, 0x00, 0x0C, 0x0C,
  0x00, 0xC0, 0xC0, 0x0C, 0x0C, 0x00, 0xC0, 0xC0, 0x0C, 0x0C, 0x00, 0xC0, 0xC0, 0x00, 0x00, 0x00,
  0x00, 0x00, 0x00, 0x00, 0x87, 0x80, 0x3E, 0xFC, 0x03, 0xEF, 0xC0, 0x7F, 0xFC, 0x07, 0xFF, 0xC0,
  0x3F, 0xFC, 0x03, 0xFF, 0xC0, 0x3F, 0xFC, 0x03, 0xFF, 0xC0, 0x3F, 0xFC, 0x03, 0xFF, 0xC0, 0x3F,
  0xFC, 0x03, 0xFF, 0xC0, 0x3F, 0xFC, 0x03, 0xFF, 0xC0, 0x3F, 0xFC, 0x03, 0xFF, 0xC0, 0x3F, 0xFC,
  0x03, 0xFF, 0xE0, 0x7F, 0xFE, 0x07, 0xF7, 0xF0, 0x7E, 0x7F, 0x8F, 0xE3, 0xFF, 0xFE, 0x3F, 0xFF,
  0xC1, 0xFF, 0xFC, 0x0F, 0xFF, 0x80, 0x3F, 0xF0, 0x00, 0xFC, 0x00, 0x0C, 0x00, 0x00, 0x60, 0x00,
  0x06, 0x00, 0x00, 0x30, 0x00, 0x03, 0x00, 0x00, 0x18, 0x00, 0x00, 0x00, 0x00, 0x00, 0x00, 0x18,
  0x00, 0x3F, 0xC0, 0x1F, 0xFC, 0x07, 0xFF, 0xE1, 0xFF, 0xFC, 0x3F, 0xFF, 0xCF, 0xFF, 0xFB, 0xFC,
  0x7F, 0x7F, 0x1F, 0xEF, 0xC3, 0xFF, 0xF8, 0xFF, 0xFE, 0x1F, 0xFF, 0xC7, 0xFF, 0xF9, 0xFF, 0xFF,
  0x7F, 0xFF, 0xFF, 0xFF, 0xFF, 0xFF, 0xEF, 0xFF, 0xFD, 0xFF, 0xDF, 0x9F, 0xF3, 0xF1, 0xF8, 0x3C,
  0x00, 0x00, 0x00, 0x00, 0x0C, 0x00, 0x06, 0x00, 0x01, 0x80, 0x00, 0xC0, 0x00, 0x30, 0x00, 0x18,
  0x00, 0x00, 0x00, 0x00, 0x00, 0x00, 0x00, 0x18, 0x00, 0x3F, 0xC0, 0x1F, 0xFC, 0x07, 0xFF, 0xE1,
  0xFF, 0xFC, 0x3F, 0xFF, 0xCF, 0xFF, 0xFB, 0xFC, 0x7F, 0x7F, 0x1F, 0xEF, 0xC3, 0xFF, 0xF8, 0xFF,
  0xFE, 0x1F, 0xFF, 0xC7, 0xFF, 0xF9, 0xFF, 0xFF, 0x7F, 0xFF, 0xFF, 0xFF, 0xFF, 0xFF, 0xEF, 0xFF,
  0xFD, 0xFF, 0xDF, 0x9F, 0xF3, 0xF1, 0xF8, 0x3C, 0x00, 0x00, 0x00, 0x00, 0xC0, 0x1F, 0xC0, 0xFF,
  0x87, 0xFF, 0x3F, 0xFC, 0xFF, 0xF7, 0xFF, 0xDF, 0xDE, 0xFE, 0x03, 0xF8, 0x0F, 0xC0, 0x3F, 0x0C,
  0xFC, 0x7F, 0xF3, 0xFF, 0xCF, 0xFF, 0xBF, 0xFF, 0xFD, 0xFF, 0xF7, 0xFF, 0x8F, 0xFE, 0x1F, 0xE0,
  0x1F, 0x00, 0x00, 0x00, 0x30, 0x01, 0x80, 0x0C, 0x00, 0xC0, 0x06, 0x00, 0x30, 0x00, 0x0C, 0x00,
  0x01, 0x80, 0x00, 0x18, 0x00, 0x03, 0x00, 0x00, 0x30, 0x00, 0x06, 0x00, 0x00, 0x00, 0x00, 0x00,
  0x03, 0xF0, 0x03, 0xFE, 0x01, 0xFF, 0xE0, 0xFF, 0xF8, 0x3F, 0xFF, 0x1F, 0xFF, 0xC7, 0xF7, 0xF3,
  0xFF, 0xF8, 0xFF, 0xFE, 0x3F, 0xFF, 0x8F, 0xFF, 0xC3, 0xFF, 0xE0, 0xFF, 0xE7, 0xBF, 0x83, 0xEF,
  0xF3, 0xFD, 0xFF, 0xFF, 0x7F, 0xFF, 0x8F, 0xFF, 0xE1, 0xFF, 0xF0, 0x3F, 0xF0, 0x03, 0xF0, 0x00,
  0x00, 0x18, 0x00, 0x0C, 0x00, 0x0C, 0x00, 0x06, 0x00, 0x06, 0x00, 0x03, 0x00, 0x00, 0x00, 0x00,
  0x00, 0x00, 0x03, 0xF0, 0x03, 0xFE, 0x01, 0xFF, 0xE0, 0xFF, 0xF8, 0x3F, 0xFF, 0x1F, 0xFF, 0xC7,
  0xF7, 0xF3, 0xFF, 0xF8, 0xFF, 0xFE, 0x3F, 0xFF, 0x8F, 0xFF, 0xC3, 0xFF, 0xE0, 0xFF, 0xE7, 0xBF,
  0x83, 0xEF, 0xF3, 0xFD, 0xFF, 0xFF, 0x7F, 0xFF, 0x8F, 0xFF, 0xE1, 0xFF, 0xF0, 0x3F, 0xF0, 0x03,
  0xF0, 0x00, 0x0C, 0x61, 0x8C, 0x31, 0x80, 0x00, 0x00, 0x00, 0x1E, 0xFF, 0xFF, 0xFF, 0xFF, 0xFF,
  0xFF, 0xFF, 0xFF, 0xFF, 0xFF, 0xFF, 0xFF, 0xFD, 0xF3, 0x00, 0x6D, 0xB6, 0xDB, 0x6D, 0xB0, 0x00,
  0x00, 0x00, 0x1E, 0xFF, 0xFF, 0xFF, 0xFF, 0xFF, 0xFF, 0xFF, 0xFF, 0xFF, 0xFF, 0xFF, 0xFF, 0xFD,
  0xF3, 0x00, 0x01, 0x80, 0x60, 0x00, 0x00, 0x31, 0x8C, 0x00, 0x00, 0x00, 0x00, 0x00, 0x60, 0x18,
  0x00, 0x00, 0x00, 0x00, 0x00, 0x38, 0x00, 0x0F, 0x80, 0x03, 0xF0, 0xFC, 0x7F, 0x7F, 0xC7, 0xFF,
  0xF8, 0xFF, 0xFF, 0x9F, 0xFF, 0xF3, 0xFF, 0xFE, 0x7F, 0xFF, 0xCF, 0xFD, 0xFD, 0xFF, 0x3F, 0xBF,
  0xE7, 0xF7, 0xF8, 0xFE, 0xFF, 0x1F, 0xDF, 0xC3, 0xFB, 0xF8, 0x7F, 0x7F, 0x07, 0xEF, 0xC0, 0xFD,
  0xF8, 0x1F, 0xBF, 0x03, 0xF7, 0xE0, 0x7E, 0xF8, 0x07, 0x84, 0x00, 0x00, 0x0C, 0x00, 0x03, 0x00,
  0x00, 0x60, 0x00, 0x18, 0x00, 0x03, 0x00, 0x00, 0xC0, 0x00, 0x00, 0x00, 0x00, 0x03, 0xF0, 0x07,
  0xFC, 0x07, 0xFE, 0x07, 0xFF, 0x83, 0xFF, 0xE3, 0xFF, 0xF9, 0xFF, 0xFD, 0xFC, 0xFF, 0xFE, 0x3F,
  0xFE, 0x0F, 0xFF, 0x07, 0xFF, 0x83, 0xFF, 0xC1, 0xFF, 0xE1, 0xFF, 0xF9, 0xFF, 0xFF, 0xFE, 0x7F,
  0xFF, 0x3F, 0xFF, 0x0F, 0xFF, 0x03, 0xFF, 0x00, 0xFF, 0x00, 0x0C, 0x00, 0x00, 0x18, 0x00, 0x18,
  0x00, 0x30, 0x00, 0x30, 0x00, 0x60, 0x00, 0x60, 0x00, 0x00, 0x00, 0x00, 0x00, 0x03, 0xF0, 0x07,
  0xFC, 0x07, 0xFE, 0x07, 0xFF, 0x83, 0xFF, 0xE3, 0xFF, 0xF9, 0xFF, 0xFD, 0xFC, 0xFF, 0xFE, 0x3F,
  0xFE, 0x0F, 0xFF, 0x07, 0xFF, 0x83, 0xFF, 0xC1, 0xFF, 0xE1, 0xFF, 0xF9, 0xFF, 0xFF, 0xFE, 0x7F,
  0xFF, 0x3F, 0xFF, 0x0F, 0xFF, 0x03, 0xFF, 0x00, 0xFF, 0x00, 0x0C, 0x00, 0x00, 0x18, 0x00, 0x0C,
  0x00, 0x0C, 0x00, 0x06, 0x00, 0x06, 0x00, 0x03, 0x00, 0x00, 0x00, 0x00, 0x00, 0x00, 0x00, 0x00,
  0x0F, 0x03, 0x87, 0xC1, 0xF1, 0xF8, 0x7E, 0x7E, 0x1F, 0xBF, 0x8F, 0xEF, 0xE3, 0xFB, 0xF0, 0xFE,
  0xFC, 0x3F, 0xBF, 0x0F, 0xEF, 0xC3, 0xFB, 0xF1, 0xFE, 0xFC, 0x7F, 0xBF, 0x1F, 0xEF, 0xEF, 0xF9,
  0xFF, 0xFE, 0x7F, 0xFF, 0x9F, 0xFF, 0xF3, 0xFF, 0xFC, 0x7F, 0xBF, 0x07, 0x87, 0x80, 0x00, 0x00,
  0x0C, 0x18, 0x03, 0x06, 0x00, 0xC1, 0x80, 0x30, 0x60, 0x0C, 0x18, 0x03, 0x06, 0x00, 0x00, 0x00,
  0x00, 0x00, 0x00, 0x00, 0x0F, 0x03, 0x87, 0xC1, 0xF1, 0xF8, 0x7E, 0x7E, 0x1F, 0xBF, 0x8F, 0xEF,
  0xE3, 0xFB, 0xF0, 0xFE, 0xFC, 0x3F, 0xBF, 0x0F, 0xEF, 0xC3, 0xFB, 0xF1, 0xFE, 0xFC, 0x7F, 0xBF,
  0x1F, 0xEF, 0xEF, 0xF9, 0xFF, 0xFE, 0x7F, 0xFF, 0x9F, 0xFF, 0xF3, 0xFF, 0xFC, 0x7F, 0xBF, 0x07,
  0x87, 0x80, 0x00, 0x00,
};

const GFXglyph CoffeeFreeNomGlyphs[] PROGMEM = {
  {     0,   1,   1,  10,   0,   0 },   // 0x20 ' '
  {     1,   7,  30,  11,   2, -28 },   // 0x21 '!'
  {    28,  10,  11,  12,   1, -29 },   // 0x22 '"'
  {    42,  27,  33,  30,   1, -30 },   // 0x23 '#'
  {   154,  17,  40,  21,   2, -33 },   // 0x24 '$'
  {   239,  26,  32,  28,   1, -30 },   // 0x25 '%'
  {   343,  25,  33,  28,   1, -30 },   // 0x26 '&'
  {   447,   4,  10,   6,   1, -28 },   // 0x27 '\''
  {   452,  18,  32,  20,   1, -30 },   // 0x28 '('
  {   524,  18,  32,  20,   0, -30 },   // 0x29 ')'
  {   596,  12,  11,  14,   1, -29 },   // 0x2A '*'
  {   613,  17,  17,  19,   1, -20 },   // 0x2B '+'
  {   650,   8,  14,  10,   1,  -6 },   // 0x2C ','
  {   664,  22,   7,  22,   0, -14 },   // 0x2D '-'
  {   684,   9,   7,   8,   0,  -5 },   // 0x2E '.'
  {   692,  17,  36,  18,   0, -30 },   // 0x2F '/'
  {   769,  20,  29,  23,   2, -28 },   // 0x30 '0'
  {   842,  14,  31,  17,   1, -30 },   // 0x31 '1'
  {   897,  19,  30,  22,   1, -29 },   // 0x32 '2'
  {   969,  20,  31,  22,   2, -28 },   // 0x33 '3'
  {  1047,  23,  31,  25,   1, -29 },   // 0x34 '4'
  {  1137,  18,  30,  22,   2, -29 },   // 0x35 '5'
  {  1205,  21,  31,  23,   1, -29 },   // 0x36 '6'
  {  1287,  18,  31,  19,   0, -29 },   // 0x37 '7'
  {  1357,  18,  32,  20,   1, -29 },   // 0x38 '8'
  {  1429,  18,  30,  21,   1, -28 },   // 0x39 '9'
  {  1497,   7,  20,   9,   1, -19 },   // 0x3A ':'
  {  1515,   8,  27,  10,   1, -19 },   // 0x3B ';'
  {  1542,  15,  18,  17,   1, -20 },   // 0x3C '<'
  {  1576,  19,  15,  20,   0, -19 },   // 0x3D '='
  {  1612,  16,  17,  17,   0, -20 },   // 0x3E '>'
  {  1646,  15,  31,  17,   1, -28 },   // 0x3F '?'
  {  1705,  33,  32,  35,   1, -27 },   // 0x40 '@'
  {  1837,  20,  29,  23,   1, -28 },   // 0x41 'A'
  {  1910,  25,  31,  26,   0, -29 },   // 0x42 'B'
  {  2007,  20,  31,  22,   1, -28 },   // 0x43 'C'
  {  2085,  22,  31,  24,   1, -29 },   // 0x44 'D'
  {  2171,  21,  30,  21,   1, -28 },   // 0x45 'E'
  {  2250,  23,  31,  21,  -1, -29 },   // 0x46 'F'
  {  2340,  22,  31,  24,   1, -28 },   // 0x47 'G'
  {  2426,  21,  31,  25,   2, -29 },   // 0x48 'H'
  {  2508,  18,  29,  18,   0, -28 },   // 0x49 'I'
  {  2574,  20,  29,  22,   1, -28 },   // 0x4A 'J'
  {  2647,  24,  32,  26,   2, -30 },   // 0x4B 'K'
  {  2743,  21,  33,  23,   2, -30 },   // 0x4C 'L'
  {  2830,  32,  31,  34,   1, -28 },   // 0x4D 'M'
  {  2954,  22,  29,  26,   2, -28 },   // 0x4E 'N'
  {  3034,  22,  29,  24,   1, -28 },   // 0x4F 'O'
  {  3114,  22,  30,  23,   0, -29 },   // 0x50 'P'
  {  3197,  24,  35,  24,   0, -28 },   // 0x51 'Q'
  {  3302,  25,  30,  25,   0, -28 },   // 0x52 'R'
  {  3396,  17,  31,  20,   1, -29 },   // 0x53 'S'
  {  3462,  24,  29,  22,  -1, -28 },   // 0x54 'T'
  {  3549,  20,  29,  24,   2, -28 },   // 0x55 'U'
  {  3622,  20,  30,  22,   1, -29 },   // 0x56 'V'
  {  3697,  32,  31,  34,   1, -29 },   // 0x57 'W'
  {  3821,  21,  31,  23,   1, -29 },   // 0x58 'X'
  {  3903,  24,  31,  23,   0, -30 },   // 0x59 'Y'
  {  3996,  21,  31,  21,   1, -29 },   // 0x5A 'Z'
  {  4078,  12,  34,  15,   2, -30 },   // 0x5B '['
  {  4129,  17,  34,  18,   1, -30 },   // 0x5C '\\'
  {  4202,  11,  34,  15,   1, -30 },   // 0x5D ']'
  {  4249,  15,  15,  17,   1, -28 },   // 0x5E '^'
  {  4278,  25,   7,  22,  -2,   0 },   // 0x5F '_'
  {  4300,   1,   1,  21,   0,   0 },   // 0x60 '`'
  {  4301,  19,  22,  21,   1, -20 },   // 0x61 'a'
  {  4354,  19,  31,  21,   1, -29 },   // 0x62 'b'
  {  4428,  14,  23,  16,   1, -20 },   // 0x63 'c'
  {  4469,  19,  30,  21,   1, -28 },   // 0x64 'd'
  {  4541,  18,  21,  19,   1, -19 },   // 0x65 'e'
  {  4589,  19,  31,  20,   0, -29 },   // 0x66 'f'
  {  4663,  19,  34,  21,   1, -21 },   // 0x67 'g'
  {  4744,  19,  30,  22,   2, -28 },   // 0x68 'h'
  {  4816,   6,  31,  10,   2, -29 },   // 0x69 'i'
  {  4840,  17,  39,  10,  -8, -29 },   // 0x6A 'j'
  {  4923,  20,  29,  22,   2, -28 },   // 0x6B 'k'
  {  4996,   6,  30,  10,   2, -28 },   // 0x6C 'l'
  {  5019,  28,  22,  30,   1, -20 },   // 0x6D 'm'
  {  5096,  19,  23,  21,   1, -21 },   // 0x6E 'n'
  {  5151,  17,  22,  19,   1, -20 },   // 0x6F 'o'
  {  5198,  20,  31,  22,   1, -20 },   // 0x70 'p'
  {  5276,  18,  31,  20,   1, -20 },   // 0x71 'q'
  {  5346,  18,  22,  19,   1, -20 },   // 0x72 'r'
  {  5396,  17,  24,  19,   1, -21 },   // 0x73 's'
  {  5447,  17,  27,  17,   0, -24 },   // 0x74 't'
  {  5505,  18,  22,  20,   1, -20 },   // 0x75 'u'
  {  5555,  18,  21,  19,   1, -20 },   // 0x76 'v'
  {  5603,  25,  22,  27,   1, -20 },   // 0x77 'w'
  {  5672,  18,  23,  19,   0, -21 },   // 0x78 'x'
  {  5724,  18,  32,  20,   1, -21 },   // 0x79 'y'
  {  5796,  17,  22,  19,   1, -20 },   // 0x7A 'z'
  {  5843,  18,  35,  19,   0, -31 },   // 0x7B '{'
  {  5922,   7,  43,  11,   2, -33 },   // 0x7C '|'
  {  5960,  17,  34,  19,   1, -30 },   // 0x7D '}'
  {  6033,  22,  12,  24,   1, -17 },   // 0x7E '~'
  {  6066,   0,   0,   0,   0,   0 },   // 0x7F ''
  {  6066,   0,   0,   0,   0,   0 },   // 0x80 ''
  {  6066,   0,   0,   0,   0,   0 },   // 0x81 ''
  {  6066,   0,   0,   0,   0,   0 },   // 0x82 ''
  {  6066,   0,   0,   0,   0,   0 },   // 0x83 ''
  {  6066,   0,   0,   0,   0,   0 },   // 0x84 ''
  {  6066,   0,   0,   0,   0,   0 },   // 0x85 ''
  {  6066,   0,   0,   0,   0,   0 },   // 0x86 ''
  {  6066,   0,   0,   0,   0,   0 },   // 0x87 ''
  {  6066,   0,   0,   0,   0,   0 },   // 0x88 ''
  {  6066,   0,   0,   0,   0,   0 },   // 0x89 ''
  {  6066,   0,   0,   0,   0,   0 },   // 0x8A ''
  {  6066,   0,   0,   0,   0,   0 },   // 0x8B ''
  {  6066,   0,   0,   0,   0,   0 },   // 0x8C ''
  {  6066,   0,   0,   0,   0,   0 },   // 0x8D ''
  {  6066,   0,   0,   0,   0,   0 },   // 0x8E ''
  {  6066,   0,   0,   0,   0,   0 },   // 0x8F ''
  {  6066,   0,   0,   0,   0,   0 },   // 0x90 ''
  {  6066,   0,   0,   0,   0,   0 },   // 0x91 ''
  {  6066,   0,   0,   0,   0,   0 },   // 0x92 ''
  {  6066,   0,   0,   0,   0,   0 },   // 0x93 ''
  {  6066,   0,   0,   0,   0,   0 },   // 0x94 ''
  {  6066,   0,   0,   0,   0,   0 },   // 0x95 ''
  {  6066,   0,   0,   0,   0,   0 },   // 0x96 ''
  {  6066,   0,   0,   0,   0,   0 },   // 0x97 ''
  {  6066,   0,   0,   0,   0,   0 },   // 0x98 ''
  {  6066,   0,   0,   0,   0,   0 },   // 0x99 ''
  {  6066,   0,   0,   0,   0,   0 },   // 0x9A ''
  {  6066,   0,   0,   0,   0,   0 },   // 0x9B ''
  {  6066,   0,   0,   0,   0,   0 },   // 0x9C ''
  {  6066,   0,   0,   0,   0,   0 },   // 0x9D ''
  {  6066,   0,   0,   0,   0,   0 },   // 0x9E ''
  {  6066,   0,   0,   0,   0,   0 },   // 0x9F ''
  {  6066,   0,   0,   0,   0,   0 },   // 0xA0 ' '
  {  6066,   0,   0,   0,   0,   0 },   // 0xA1 '¡'
  {  6066,   0,   0,   0,   0,   0 },   // 0xA2 '¢'
  {  6066,   0,   0,   0,   0,   0 },   // 0xA3 '£'
  {  6066,   0,   0,   0,   0,   0 },   // 0xA4 '¤'
  {  6066,   0,   0,   0,   0,   0 },   // 0xA5 '¥'
  {  6066,   0,   0,   0,   0,   0 },   // 0xA6 '¦'
  {  6066,   0,   0,   0,   0,   0 },   // 0xA7 '§'
  {  6066,   0,   0,   0,   0,   0 },   // 0xA8 '¨'
  {  6066,   0,   0,   0,   0,   0 },   // 0xA9 '©'
  {  6066,   0,   0,   0,   0,   0 },   // 0xAA 'ª'
  {  6066,   0,   0,   0,   0,   0 },   // 0xAB '«'
  {  6066,   0,   0,   0,   0,   0 },   // 0xAC '¬'
  {  6066,   0,   0,   0,   0,   0 },   // 0xAD '­'
  {  6066,   0,   0,   0,   0,   0 },   // 0xAE '®'
  {  6066,   0,   0,   0,   0,   0 },   // 0xAF '¯'
  {  6066,   0,   0,   0,   0,   0 },   // 0xB0 '°'
  {  6066,   0,   0,   0,   0,   0 },   // 0xB1 '±'
  {  6066,   0,   0,   0,   0,   0 },   // 0xB2 '²'
  {  6066,   0,   0,   0,   0,   0 },   // 0xB3 '³'
  {  6066,   0,   0,   0,   0,   0 },   // 0xB4 '´'
  {  6066,   0,   0,   0,   0,   0 },   // 0xB5 'µ'
  {  6066,   0,   0,   0,   0,   0 },   // 0xB6 '¶'
  {  6066,   6,   8,   8,   1, -17 },   // 0xB7 '·'
  {  6072,   0,   0,   0,   0,   0 },   // 0xB8 '¸'
  {  6072,   0,   0,   0,   0,   0 },   // 0xB9 '¹'
  {  6072,   0,   0,   0,   0,   0 },   // 0xBA 'º'
  {  6072,   0,   0,   0,   0,   0 },   // 0xBB '»'
  {  6072,   0,   0,   0,   0,   0 },   // 0xBC '¼'
  {  6072,   0,   0,   0,   0,   0 },   // 0xBD '½'
  {  6072,   0,   0,   0,   0,   0 },   // 0xBE '¾'
  {  6072,   0,   0,   0,   0,   0 },   // 0xBF '¿'
  {  6072,  20,  37,  23,   1, -36 },   // 0xC0 'À'
  {  6165,  20,  37,  23,   1, -36 },   // 0xC1 'Á'
  {  6257,   0,   0,   0,   0,   0 },   // 0xC2 'Â'
  {  6257,   0,   0,   0,   0,   0 },   // 0xC3 'Ã'
  {  6257,   0,   0,   0,   0,   0 },   // 0xC4 'Ä'
  {  6257,   0,   0,   0,   0,   0 },   // 0xC5 'Å'
  {  6257,   0,   0,   0,   0,   0 },   // 0xC6 'Æ'
  {  6258,  20,  37,  22,   1, -28 },   // 0xC7 'Ç'
  {  6351,  21,  38,  21,   1, -36 },   // 0xC8 'È'
  {  6451,  21,  38,  21,   1, -36 },   // 0xC9 'É'
  {  6550,   0,   0,   0,   0,   0 },   // 0xCA 'Ê'
  {  6550,   0,   0,   0,   0,   0 },   // 0xCB 'Ë'
  {  6550,   0,   0,   0,   0,   0 },   // 0xCC 'Ì'
  {  6551,  18,  37,  18,   0, -36 },   // 0xCD 'Í'
  {  6634,   0,   0,   0,   0,   0 },   // 0xCE 'Î'
  {  6635,  18,  37,  18,   0, -36 },   // 0xCF 'Ï'
  {  6718,   0,   0,   0,   0,   0 },   // 0xD0 'Ð'
  {  6719,  22,  37,  26,   2, -36 },   // 0xD1 'Ñ'
  {  6821,  22,  37,  24,   1, -36 },   // 0xD2 'Ò'
  {  6923,  22,  37,  24,   1, -36 },   // 0xD3 'Ó'
  {  7024,   0,   0,   0,   0,   0 },   // 0xD4 'Ô'
  {  7024,   0,   0,   0,   0,   0 },   // 0xD5 'Õ'
  {  7024,   0,   0,   0,   0,   0 },   // 0xD6 'Ö'
  {  7024,   0,   0,   0,   0,   0 },   // 0xD7 '×'
  {  7024,   0,   0,   0,   0,   0 },   // 0xD8 'Ø'
  {  7024,   0,   0,   0,   0,   0 },   // 0xD9 'Ù'
  {  7025,  20,  37,  24,   2, -36 },   // 0xDA 'Ú'
  {  7117,   0,   0,   0,   0,   0 },   // 0xDB 'Û'
  {  7118,  20,  37,  24,   2, -36 },   // 0xDC 'Ü'
  {  7210,   0,   0,   0,   0,   0 },   // 0xDD 'Ý'
  {  7210,   0,   0,   0,   0,   0 },   // 0xDE 'Þ'
  {  7210,   0,   0,   0,   0,   0 },   // 0xDF 'ß'
  {  7211,  19,  30,  21,   1, -28 },   // 0xE0 'à'
  {  7283,  19,  30,  21,   1, -28 },   // 0xE1 'á'
  {  7354,   0,   0,   0,   0,   0 },   // 0xE2 'â'
  {  7354,   0,   0,   0,   0,   0 },   // 0xE3 'ã'
  {  7354,   0,   0,   0,   0,   0 },   // 0xE4 'ä'
  {  7354,   0,   0,   0,   0,   0 },   // 0xE5 'å'
  {  7354,   0,   0,   0,   0,   0 },   // 0xE6 'æ'
  {  7355,  14,  29,  16,   1, -20 },   // 0xE7 'ç'
  {  7406,  18,  29,  19,   1, -27 },   // 0xE8 'è'
  {  7472,  18,  29,  19,   1, -27 },   // 0xE9 'é'
  {  7537,   0,   0,   0,   0,   0 },   // 0xEA 'ê'
  {  7537,   0,   0,   0,   0,   0 },   // 0xEB 'ë'
  {  7537,   0,   0,   0,   0,   0 },   // 0xEC 'ì'
  {  7538,   6,  32,  10,   2, -30 },   // 0xED 'í'
  {  7562,   0,   0,   0,   0,   0 },   // 0xEE 'î'
  {  7562,   6,  32,  10,   2, -30 },   // 0xEF 'ï'
  {  7586,   0,   0,   0,   0,   0 },   // 0xF0 'ð'
  {  7586,  19,  31,  21,   1, -29 },   // 0xF1 'ñ'
  {  7660,  17,  30,  19,   1, -28 },   // 0xF2 'ò'
  {  7724,  17,  30,  19,   1, -28 },   // 0xF3 'ó'
  {  7787,   0,   0,   0,   0,   0 },   // 0xF4 'ô'
  {  7787,   0,   0,   0,   0,   0 },   // 0xF5 'õ'
  {  7787,   0,   0,   0,   0,   0 },   // 0xF6 'ö'
  {  7787,   0,   0,   0,   0,   0 },   // 0xF7 '÷'
  {  7787,   0,   0,   0,   0,   0 },   // 0xF8 'ø'
  {  7787,   0,   0,   0,   0,   0 },   // 0xF9 'ù'
  {  7788,  18,  30,  20,   1, -28 },   // 0xFA 'ú'
  {  7855,   0,   0,   0,   0,   0 },   // 0xFB 'û'
  {  7856,  18,  30,  20,   1, -28 },   // 0xFC 'ü'
};

const GFXfont CoffeeFreeNom PROGMEM = {
  (uint8_t  *)CoffeeFreeNomBitmaps,
  (GFXglyph *)CoffeeFreeNomGlyphs,
  0x20, 0xFC, 51 };

#endif // COFFEE_FREE_FONTS_H